satellite_name,frame_idx,visible_path,infrared_path,quat_w,quat_x,quat_y,quat_z,difficulty_reason_visible,difficulty_reason_infrared,subset_name
Aqua,3,D:\BaiduNetdiskDownload\fire\Aqua_VisibleBatch250\images\0003.png,D:\BaiduNetdiskDownload\fire\Aqua_IRBatch250\images\0003.png,0.194539,0.47103,0.064856,0.857951,lowlight,lowcontrast,subset_1
Aqua,4,D:\BaiduNetdiskDownload\fire\Aqua_VisibleBatch250\images\0004.png,D:\BaiduNetdiskDownload\fire\Aqua_IRBatch250\images\0004.png,0.193677,0.471055,0.06525,0.858102,lowlight,lowcontrast,subset_1
Aqua,5,D:\BaiduNetdiskDownload\fire\Aqua_VisibleBatch250\images\0005.png,D:\BaiduNetdiskDownload\fire\Aqua_IRBatch250\images\0005.png,0.192796,0.47086,0.065844,0.858362,lowlight,lowcontrast,subset_1
Aqua,6,D:\BaiduNetdiskDownload\fire\Aqua_VisibleBatch250\images\0006.png,D:\BaiduNetdiskDownload\fire\Aqua_IRBatch250\images\0006.png,0.19169,0.470786,0.066441,0.858604,lowlight,lowcontrast,subset_1
Aqua,7,D:\BaiduNetdiskDownload\fire\Aqua_VisibleBatch250\images\0007.png,D:\BaiduNetdiskDownload\fire\Aqua_IRBatch250\images\0007.png,0.190408,0.470746,0.067092,0.85886,lowlight,lowcontrast,subset_1
Aqua,10,D:\BaiduNetdiskDownload\fire\Aqua_VisibleBatch250\images\0010.png,D:\BaiduNetdiskDownload\fire\Aqua_IRBatch250\images\0010.png,0.185759,0.470363,0.069649,0.859885,lowlight,lowcontrast,subset_1
Aqua,11,D:\BaiduNetdiskDownload\fire\Aqua_VisibleBatch250\images\0011.png,D:\BaiduNetdiskDownload\fire\Aqua_IRBatch250\images\0011.png,0.183874,0.47024,0.070653,0.860275,lowlight,lowcontrast,subset_1
Aqua,12,D:\BaiduNetdiskDownload\fire\Aqua_VisibleBatch250\images\0012.png,D:\BaiduNetdiskDownload\fire\Aqua_IRBatch250\images\0012.png,0.181844,0.470072,0.071763,0.860706,lowlight,lowcontrast,subset_1
Aqua,13,D:\BaiduNetdiskDownload\fire\Aqua_VisibleBatch250\images\0013.png,D:\BaiduNetdiskDownload\fire\Aqua_IRBatch250\images\0013.png,0.179639,0.469901,0.072955,0.861162,lowlight,lowcontrast,subset_1
Aqua,14,D:\BaiduNetdiskDownload\fire\Aqua_VisibleBatch250\images\0014.png,D:\BaiduNetdiskDownload\fire\Aqua_IRBatch250\images\0014.png,0.177274,0.469694,0.074249,0.861655,lowlight,lowcontrast,subset_1
Aqua,15,D:\BaiduNetdiskDownload\fire\Aqua_VisibleBatch250\images\0015.png,D:\BaiduNetdiskDownload\fire\Aqua_IRBatch250\images\0015.png,0.174765,0.469415,0.075666,0.862196,lowlight,lowcontrast,subset_1
Aqua,16,D:\BaiduNetdiskDownload\fire\Aqua_VisibleBatch250\images\0016.png,D:\BaiduNetdiskDownload\fire\Aqua_IRBatch250\images\0016.png,0.172008,0.469234,0.077114,0.86272,lowlight,lowcontrast,subset_1
Aqua,17,D:\BaiduNetdiskDownload\fire\Aqua_VisibleBatch250\images\0017.png,D:\BaiduNetdiskDownload\fire\Aqua_IRBatch250\images\0017.png,0.169113,0.468954,0.078703,0.863301,lowlight,lowcontrast,subset_1
Aqua,18,D:\BaiduNetdiskDownload\fire\Aqua_VisibleBatch250\images\0018.png,D:\BaiduNetdiskDownload\fire\Aqua_IRBatch250\images\0018.png,0.16602,0.468669,0.080382,0.863901,lowlight,lowcontrast,subset_1
Aqua,20,D:\BaiduNetdiskDownload\fire\Aqua_VisibleBatch250\images\0020.png,D:\BaiduNetdiskDownload\fire\Aqua_IRBatch250\images\0020.png,0.159215,0.468082,0.084021,0.865154,lowlight,lowcontrast,subset_1
Aqua,21,D:\BaiduNetdiskDownload\fire\Aqua_VisibleBatch250\images\0021.png,D:\BaiduNetdiskDownload\fire\Aqua_IRBatch250\images\0021.png,0.155574,0.467632,0.086062,0.865858,lowlight,lowcontrast,subset_1
Aqua,22,D:\BaiduNetdiskDownload\fire\Aqua_VisibleBatch250\images\0022.png,D:\BaiduNetdiskDownload\fire\Aqua_IRBatch250\images\0022.png,0.151668,0.467252,0.08816,0.866545,lowlight,lowcontrast,subset_1
Aqua,24,D:\BaiduNetdiskDownload\fire\Aqua_VisibleBatch250\images\0024.png,D:\BaiduNetdiskDownload\fire\Aqua_IRBatch250\images\0024.png,0.143206,0.46639,0.092699,0.867974,lowlight,lowcontrast,subset_1
Aqua,25,D:\BaiduNetdiskDownload\fire\Aqua_VisibleBatch250\images\0025.png,D:\BaiduNetdiskDownload\fire\Aqua_IRBatch250\images\0025.png,0.138648,0.465887,0.095153,0.868718,lowlight,lowcontrast,subset_1
Aqua,27,D:\BaiduNetdiskDownload\fire\Aqua_VisibleBatch250\images\0027.png,D:\BaiduNetdiskDownload\fire\Aqua_IRBatch250\images\0027.png,0.128797,0.464817,0.100398,0.870216,lowlight,lowcontrast,subset_1
Aqua,28,D:\BaiduNetdiskDownload\fire\Aqua_VisibleBatch250\images\0028.png,D:\BaiduNetdiskDownload\fire\Aqua_IRBatch250\images\0028.png,0.123547,0.464143,0.103243,0.871004,lowlight,lowcontrast,subset_1
Aqua,29,D:\BaiduNetdiskDownload\fire\Aqua_VisibleBatch250\images\0029.png,D:\BaiduNetdiskDownload\fire\Aqua_IRBatch250\images\0029.png,0.118024,0.46346,0.106196,0.871778,lowlight,lowcontrast,subset_1
Aqua,30,D:\BaiduNetdiskDownload\fire\Aqua_VisibleBatch250\images\0030.png,D:\BaiduNetdiskDownload\fire\Aqua_IRBatch250\images\0030.png,0.112215,0.462782,0.109253,0.872528,lowlight,lowcontrast,subset_1
Aqua,32,D:\BaiduNetdiskDownload\fire\Aqua_VisibleBatch250\images\0032.png,D:\BaiduNetdiskDownload\fire\Aqua_IRBatch250\images\0032.png,0.099828,0.461214,0.115787,0.874019,lowlight,lowcontrast,subset_1
Aqua,35,D:\BaiduNetdiskDownload\fire\Aqua_VisibleBatch250\images\0035.png,D:\BaiduNetdiskDownload\fire\Aqua_IRBatch250\images\0035.png,0.07922,0.458333,0.126632,0.876139,lowlight,lowcontrast,subset_1
Aqua,36,D:\BaiduNetdiskDownload\fire\Aqua_VisibleBatch250\images\0036.png,D:\BaiduNetdiskDownload\fire\Aqua_IRBatch250\images\0036.png,0.071785,0.457231,0.130522,0.876784,lowlight,lowcontrast,subset_1
Aqua,41,D:\BaiduNetdiskDownload\fire\Aqua_VisibleBatch250\images\0041.png,D:\BaiduNetdiskDownload\fire\Aqua_IRBatch250\images\0041.png,0.030227,0.450584,0.151984,0.879182,lowlight,lowcontrast,subset_1
Aqua,45,D:\BaiduNetdiskDownload\fire\Aqua_VisibleBatch250\images\0045.png,D:\BaiduNetdiskDownload\fire\Aqua_IRBatch250\images\0045.png,0.008055,-0.443417,-0.171507,-0.879717,lowlight,lowcontrast,subset_1
Aqua,47,D:\BaiduNetdiskDownload\fire\Aqua_VisibleBatch250\images\0047.png,D:\BaiduNetdiskDownload\fire\Aqua_IRBatch250\images\0047.png,0.028829,-0.439365,-0.181875,-0.879232,lowlight,lowcontrast,subset_1
Aqua,49,D:\BaiduNetdiskDownload\fire\Aqua_VisibleBatch250\images\0049.png,D:\BaiduNetdiskDownload\fire\Aqua_IRBatch250\images\0049.png,0.050446,-0.434732,-0.192638,-0.878267,lowlight,lowcontrast,subset_1
Aqua,54,D:\BaiduNetdiskDownload\fire\Aqua_VisibleBatch250\images\0054.png,D:\BaiduNetdiskDownload\fire\Aqua_IRBatch250\images\0054.png,0.107446,-0.42126,-0.220506,-0.873139,backlit,hotspot,subset_2
Aqua,55,D:\BaiduNetdiskDownload\fire\Aqua_VisibleBatch250\images\0055.png,D:\BaiduNetdiskDownload\fire\Aqua_IRBatch250\images\0055.png,0.119169,-0.418278,-0.226141,-0.871609,backlit,hotspot,subset_2
Aqua,56,D:\BaiduNetdiskDownload\fire\Aqua_VisibleBatch250\images\0056.png,D:\BaiduNetdiskDownload\fire\Aqua_IRBatch250\images\0056.png,0.130934,-0.415201,-0.231766,-0.869913,backlit,hotspot,subset_2
Aqua,58,D:\BaiduNetdiskDownload\fire\Aqua_VisibleBatch250\images\0058.png,D:\BaiduNetdiskDownload\fire\Aqua_IRBatch250\images\0058.png,0.154498,-0.408855,-0.242924,-0.866,backlit,hotspot,subset_2
Aqua,62,D:\BaiduNetdiskDownload\fire\Aqua_VisibleBatch250\images\0062.png,D:\BaiduNetdiskDownload\fire\Aqua_IRBatch250\images\0062.png,0.200801,-0.395148,-0.264553,-0.856475,backlit,hotspot,subset_2
Aqua,63,D:\BaiduNetdiskDownload\fire\Aqua_VisibleBatch250\images\0063.png,D:\BaiduNetdiskDownload\fire\Aqua_IRBatch250\images\0063.png,0.212067,-0.391612,-0.269739,-0.853761,backlit,hotspot,subset_2
Aqua,67,D:\BaiduNetdiskDownload\fire\Aqua_VisibleBatch250\images\0067.png,D:\BaiduNetdiskDownload\fire\Aqua_IRBatch250\images\0067.png,0.255208,-0.377371,-0.289306,-0.84188,backlit,hotspot,subset_2
Aqua,68,D:\BaiduNetdiskDownload\fire\Aqua_VisibleBatch250\images\0068.png,D:\BaiduNetdiskDownload\fire\Aqua_IRBatch250\images\0068.png,0.265371,-0.373658,-0.293871,-0.838808,backlit,hotspot,subset_2
Aqua,69,D:\BaiduNetdiskDownload\fire\Aqua_VisibleBatch250\images\0069.png,D:\BaiduNetdiskDownload\fire\Aqua_IRBatch250\images\0069.png,0.275368,-0.3703,-0.298293,-0.835507,backlit,hotspot,subset_2
Aqua,70,D:\BaiduNetdiskDownload\fire\Aqua_VisibleBatch250\images\0070.png,D:\BaiduNetdiskDownload\fire\Aqua_IRBatch250\images\0070.png,0.285065,-0.366874,-0.302573,-0.832221,backlit,hotspot,subset_2
Aqua,72,D:\BaiduNetdiskDownload\fire\Aqua_VisibleBatch250\images\0072.png,D:\BaiduNetdiskDownload\fire\Aqua_IRBatch250\images\0072.png,0.303547,-0.359902,-0.310685,-0.825714,backlit,hotspot,subset_2
Aqua,73,D:\BaiduNetdiskDownload\fire\Aqua_VisibleBatch250\images\0073.png,D:\BaiduNetdiskDownload\fire\Aqua_IRBatch250\images\0073.png,0.31238,-0.356593,-0.314523,-0.822396,backlit,hotspot,subset_2
Aqua,75,D:\BaiduNetdiskDownload\fire\Aqua_VisibleBatch250\images\0075.png,D:\BaiduNetdiskDownload\fire\Aqua_IRBatch250\images\0075.png,0.329137,-0.35007,-0.321752,-0.81584,backlit,hotspot,subset_2
Aqua,76,D:\BaiduNetdiskDownload\fire\Aqua_VisibleBatch250\images\0076.png,D:\BaiduNetdiskDownload\fire\Aqua_IRBatch250\images\0076.png,0.337093,-0.347003,-0.325156,-0.812546,backlit,hotspot,subset_2
Aqua,77,D:\BaiduNetdiskDownload\fire\Aqua_VisibleBatch250\images\0077.png,D:\BaiduNetdiskDownload\fire\Aqua_IRBatch250\images\0077.png,0.344741,-0.343955,-0.328414,-0.809317,backlit,hotspot,subset_2
Aqua,80,D:\BaiduNetdiskDownload\fire\Aqua_VisibleBatch250\images\0080.png,D:\BaiduNetdiskDownload\fire\Aqua_IRBatch250\images\0080.png,0.365909,-0.335151,-0.337348,-0.799988,backlit,hotspot,subset_2
Aqua,81,D:\BaiduNetdiskDownload\fire\Aqua_VisibleBatch250\images\0081.png,D:\BaiduNetdiskDownload\fire\Aqua_IRBatch250\images\0081.png,0.3724,-0.332394,-0.340062,-0.796988,backlit,hotspot,subset_2
Aqua,82,D:\BaiduNetdiskDownload\fire\Aqua_VisibleBatch250\images\0082.png,D:\BaiduNetdiskDownload\fire\Aqua_IRBatch250\images\0082.png,0.37862,-0.329743,-0.342652,-0.794044,backlit,hotspot,subset_2
Aqua,83,D:\BaiduNetdiskDownload\fire\Aqua_VisibleBatch250\images\0083.png,D:\BaiduNetdiskDownload\fire\Aqua_IRBatch250\images\0083.png,0.384567,-0.327158,-0.345117,-0.791183,backlit,hotspot,subset_2
Aqua,84,D:\BaiduNetdiskDownload\fire\Aqua_VisibleBatch250\images\0084.png,D:\BaiduNetdiskDownload\fire\Aqua_IRBatch250\images\0084.png,0.390251,-0.324666,-0.347464,-0.788394,backlit,hotspot,subset_2
Aqua,87,D:\BaiduNetdiskDownload\fire\Aqua_VisibleBatch250\images\0087.png,D:\BaiduNetdiskDownload\fire\Aqua_IRBatch250\images\0087.png,0.405783,-0.31766,-0.35382,-0.780541,backlit,hotspot,subset_2
Aqua,88,D:\BaiduNetdiskDownload\fire\Aqua_VisibleBatch250\images\0088.png,D:\BaiduNetdiskDownload\fire\Aqua_IRBatch250\images\0088.png,0.410476,-0.315477,-0.355722,-0.778104,backlit,hotspot,subset_2
Aqua,89,D:\BaiduNetdiskDownload\fire\Aqua_VisibleBatch250\images\0089.png,D:\BaiduNetdiskDownload\fire\Aqua_IRBatch250\images\0089.png,0.414961,-0.313494,-0.357545,-0.775687,backlit,hotspot,subset_2
Aqua,90,D:\BaiduNetdiskDownload\fire\Aqua_VisibleBatch250\images\0090.png,D:\BaiduNetdiskDownload\fire\Aqua_IRBatch250\images\0090.png,0.419205,-0.3115,-0.359254,-0.773415,backlit,hotspot,subset_2
Aqua,91,D:\BaiduNetdiskDownload\fire\Aqua_VisibleBatch250\images\0091.png,D:\BaiduNetdiskDownload\fire\Aqua_IRBatch250\images\0091.png,0.423238,-0.309606,-0.360874,-0.771222,backlit,hotspot,subset_2
Aqua,92,D:\BaiduNetdiskDownload\fire\Aqua_VisibleBatch250\images\0092.png,D:\BaiduNetdiskDownload\fire\Aqua_IRBatch250\images\0092.png,0.427071,-0.307856,-0.362417,-0.769083,backlit,hotspot,subset_2
Aqua,94,D:\BaiduNetdiskDownload\fire\Aqua_VisibleBatch250\images\0094.png,D:\BaiduNetdiskDownload\fire\Aqua_IRBatch250\images\0094.png,0.434117,-0.304487,-0.365225,-0.765141,backlit,hotspot,subset_2
Aqua,95,D:\BaiduNetdiskDownload\fire\Aqua_VisibleBatch250\images\0095.png,D:\BaiduNetdiskDownload\fire\Aqua_IRBatch250\images\0095.png,0.43735,-0.302917,-0.366506,-0.763308,backlit,hotspot,subset_2
Aqua,98,D:\BaiduNetdiskDownload\fire\Aqua_VisibleBatch250\images\0098.png,D:\BaiduNetdiskDownload\fire\Aqua_IRBatch250\images\0098.png,0.445985,-0.298817,-0.369934,-0.758257,backlit,hotspot,subset_2
Aqua,100,D:\BaiduNetdiskDownload\fire\Aqua_VisibleBatch250\images\0100.png,D:\BaiduNetdiskDownload\fire\Aqua_IRBatch250\images\0100.png,0.450886,-0.296438,-0.371865,-0.755343,backlit,hotspot,subset_2
Aqua,102,D:\BaiduNetdiskDownload\fire\Aqua_VisibleBatch250\images\0102.png,D:\BaiduNetdiskDownload\fire\Aqua_IRBatch250\images\0102.png,0.455135,-0.294264,-0.373517,-0.752825,overexpose,lowsnr,subset_3
Aqua,105,D:\BaiduNetdiskDownload\fire\Aqua_VisibleBatch250\images\0105.png,D:\BaiduNetdiskDownload\fire\Aqua_IRBatch250\images\0105.png,0.460401,-0.291624,-0.37557,-0.749623,overexpose,lowsnr,subset_3
Aqua,107,D:\BaiduNetdiskDownload\fire\Aqua_VisibleBatch250\images\0107.png,D:\BaiduNetdiskDownload\fire\Aqua_IRBatch250\images\0107.png,0.463207,-0.290219,-0.376662,-0.747889,overexpose,lowsnr,subset_3
Aqua,109,D:\BaiduNetdiskDownload\fire\Aqua_VisibleBatch250\images\0109.png,D:\BaiduNetdiskDownload\fire\Aqua_IRBatch250\images\0109.png,0.46548,-0.289101,-0.377549,-0.746462,overexpose,lowsnr,subset_3
Aqua,110,D:\BaiduNetdiskDownload\fire\Aqua_VisibleBatch250\images\0110.png,D:\BaiduNetdiskDownload\fire\Aqua_IRBatch250\images\0110.png,0.466415,-0.288592,-0.377904,-0.745896,overexpose,lowsnr,subset_3
Aqua,113,D:\BaiduNetdiskDownload\fire\Aqua_VisibleBatch250\images\0113.png,D:\BaiduNetdiskDownload\fire\Aqua_IRBatch250\images\0113.png,0.468489,-0.287601,-0.378719,-0.744564,overexpose,lowsnr,subset_3
Aqua,114,D:\BaiduNetdiskDownload\fire\Aqua_VisibleBatch250\images\0114.png,D:\BaiduNetdiskDownload\fire\Aqua_IRBatch250\images\0114.png,0.468931,-0.287358,-0.378886,-0.744294,overexpose,lowsnr,subset_3
Aqua,115,D:\BaiduNetdiskDownload\fire\Aqua_VisibleBatch250\images\0115.png,D:\BaiduNetdiskDownload\fire\Aqua_IRBatch250\images\0115.png,0.469248,-0.28715,-0.379,-0.744117,overexpose,lowsnr,subset_3
Aqua,116,D:\BaiduNetdiskDownload\fire\Aqua_VisibleBatch250\images\0116.png,D:\BaiduNetdiskDownload\fire\Aqua_IRBatch250\images\0116.png,0.46946,-0.287094,-0.379092,-0.743958,overexpose,lowsnr,subset_3
Aqua,117,D:\BaiduNetdiskDownload\fire\Aqua_VisibleBatch250\images\0117.png,D:\BaiduNetdiskDownload\fire\Aqua_IRBatch250\images\0117.png,0.469543,-0.287027,-0.379119,-0.743917,overexpose,lowsnr,subset_3
Aqua,118,D:\BaiduNetdiskDownload\fire\Aqua_VisibleBatch250\images\0118.png,D:\BaiduNetdiskDownload\fire\Aqua_IRBatch250\images\0118.png,0.469515,-0.287053,-0.379111,-0.74393,overexpose,lowsnr,subset_3
Aqua,119,D:\BaiduNetdiskDownload\fire\Aqua_VisibleBatch250\images\0119.png,D:\BaiduNetdiskDownload\fire\Aqua_IRBatch250\images\0119.png,0.469381,-0.287214,-0.379077,-0.743969,overexpose,lowsnr,subset_3
Aqua,120,D:\BaiduNetdiskDownload\fire\Aqua_VisibleBatch250\images\0120.png,D:\BaiduNetdiskDownload\fire\Aqua_IRBatch250\images\0120.png,0.46911,-0.287293,-0.378961,-0.744169,overexpose,lowsnr,subset_3
Aqua,121,D:\BaiduNetdiskDownload\fire\Aqua_VisibleBatch250\images\0121.png,D:\BaiduNetdiskDownload\fire\Aqua_IRBatch250\images\0121.png,0.468723,-0.287424,-0.378799,-0.744445,overexpose,lowsnr,subset_3
Aqua,122,D:\BaiduNetdiskDownload\fire\Aqua_VisibleBatch250\images\0122.png,D:\BaiduNetdiskDownload\fire\Aqua_IRBatch250\images\0122.png,0.468225,-0.287653,-0.378602,-0.744769,overexpose,lowsnr,subset_3
Aqua,124,D:\BaiduNetdiskDownload\fire\Aqua_VisibleBatch250\images\0124.png,D:\BaiduNetdiskDownload\fire\Aqua_IRBatch250\images\0124.png,0.466905,-0.288435,-0.378113,-0.745544,overexpose,lowsnr,subset_3
Aqua,126,D:\BaiduNetdiskDownload\fire\Aqua_VisibleBatch250\images\0126.png,D:\BaiduNetdiskDownload\fire\Aqua_IRBatch250\images\0126.png,0.4651,-0.289326,-0.377409,-0.746683,overexpose,lowsnr,subset_3
Aqua,129,D:\BaiduNetdiskDownload\fire\Aqua_VisibleBatch250\images\0129.png,D:\BaiduNetdiskDownload\fire\Aqua_IRBatch250\images\0129.png,0.461499,-0.29106,-0.375997,-0.748952,overexpose,lowsnr,subset_3
Aqua,130,D:\BaiduNetdiskDownload\fire\Aqua_VisibleBatch250\images\0130.png,D:\BaiduNetdiskDownload\fire\Aqua_IRBatch250\images\0130.png,0.460063,-0.291792,-0.37544,-0.749829,overexpose,lowsnr,subset_3
Aqua,131,D:\BaiduNetdiskDownload\fire\Aqua_VisibleBatch250\images\0131.png,D:\BaiduNetdiskDownload\fire\Aqua_IRBatch250\images\0131.png,0.458509,-0.292614,-0.374843,-0.750759,overexpose,lowsnr,subset_3
Aqua,133,D:\BaiduNetdiskDownload\fire\Aqua_VisibleBatch250\images\0133.png,D:\BaiduNetdiskDownload\fire\Aqua_IRBatch250\images\0133.png,0.455008,-0.294321,-0.373469,-0.752904,overexpose,lowsnr,subset_3
Aqua,134,D:\BaiduNetdiskDownload\fire\Aqua_VisibleBatch250\images\0134.png,D:\BaiduNetdiskDownload\fire\Aqua_IRBatch250\images\0134.png,0.453076,-0.295332,-0.372722,-0.754042,overexpose,lowsnr,subset_3
Aqua,135,D:\BaiduNetdiskDownload\fire\Aqua_VisibleBatch250\images\0135.png,D:\BaiduNetdiskDownload\fire\Aqua_IRBatch250\images\0135.png,0.450995,-0.296277,-0.371893,-0.755327,overexpose,lowsnr,subset_3
Aqua,136,D:\BaiduNetdiskDownload\fire\Aqua_VisibleBatch250\images\0136.png,D:\BaiduNetdiskDownload\fire\Aqua_IRBatch250\images\0136.png,0.448799,-0.297394,-0.371035,-0.756617,overexpose,lowsnr,subset_3
Aqua,139,D:\BaiduNetdiskDownload\fire\Aqua_VisibleBatch250\images\0139.png,D:\BaiduNetdiskDownload\fire\Aqua_IRBatch250\images\0139.png,0.441373,-0.300996,-0.368097,-0.760983,overexpose,lowsnr,subset_3
Aqua,140,D:\BaiduNetdiskDownload\fire\Aqua_VisibleBatch250\images\0140.png,D:\BaiduNetdiskDownload\fire\Aqua_IRBatch250\images\0140.png,0.438609,-0.302285,-0.366994,-0.762602,overexpose,lowsnr,subset_3
Aqua,141,D:\BaiduNetdiskDownload\fire\Aqua_VisibleBatch250\images\0141.png,D:\BaiduNetdiskDownload\fire\Aqua_IRBatch250\images\0141.png,0.435715,-0.303731,-0.36585,-0.764234,overexpose,lowsnr,subset_3
Aqua,143,D:\BaiduNetdiskDownload\fire\Aqua_VisibleBatch250\images\0143.png,D:\BaiduNetdiskDownload\fire\Aqua_IRBatch250\images\0143.png,0.429453,-0.306684,-0.363346,-0.767785,overexpose,lowsnr,subset_3
Aqua,145,D:\BaiduNetdiskDownload\fire\Aqua_VisibleBatch250\images\0145.png,D:\BaiduNetdiskDownload\fire\Aqua_IRBatch250\images\0145.png,0.422574,-0.309942,-0.360588,-0.771585,overexpose,lowsnr,subset_3
Aqua,150,D:\BaiduNetdiskDownload\fire\Aqua_VisibleBatch250\images\0150.png,D:\BaiduNetdiskDownload\fire\Aqua_IRBatch250\images\0150.png,0.402458,-0.319217,-0.352445,-0.782247,overexpose,lowsnr,subset_3
Aqua,151,D:\BaiduNetdiskDownload\fire\Aqua_VisibleBatch250\images\0151.png,D:\BaiduNetdiskDownload\fire\Aqua_IRBatch250\images\0151.png,0.397889,-0.321195,-0.350572,-0.784613,lowres,lowres,subset_4
Aqua,152,D:\BaiduNetdiskDownload\fire\Aqua_VisibleBatch250\images\0152.png,D:\BaiduNetdiskDownload\fire\Aqua_IRBatch250\images\0152.png,0.393147,-0.323301,-0.348627,-0.787001,lowres,lowres,subset_4
Aqua,153,D:\BaiduNetdiskDownload\fire\Aqua_VisibleBatch250\images\0153.png,D:\BaiduNetdiskDownload\fire\Aqua_IRBatch250\images\0153.png,0.388213,-0.325461,-0.346596,-0.789454,lowres,lowres,subset_4
Aqua,154,D:\BaiduNetdiskDownload\fire\Aqua_VisibleBatch250\images\0154.png,D:\BaiduNetdiskDownload\fire\Aqua_IRBatch250\images\0154.png,0.383091,-0.327712,-0.344481,-0.791946,lowres,lowres,subset_4
Aqua,155,D:\BaiduNetdiskDownload\fire\Aqua_VisibleBatch250\images\0155.png,D:\BaiduNetdiskDownload\fire\Aqua_IRBatch250\images\0155.png,0.377768,-0.330006,-0.342273,-0.794504,lowres,lowres,subset_4
Aqua,156,D:\BaiduNetdiskDownload\fire\Aqua_VisibleBatch250\images\0156.png,D:\BaiduNetdiskDownload\fire\Aqua_IRBatch250\images\0156.png,0.372262,-0.33244,-0.339985,-0.797067,lowres,lowres,subset_4
Aqua,159,D:\BaiduNetdiskDownload\fire\Aqua_VisibleBatch250\images\0159.png,D:\BaiduNetdiskDownload\fire\Aqua_IRBatch250\images\0159.png,0.354452,-0.339833,-0.33251,-0.80518,lowres,lowres,subset_4
Aqua,160,D:\BaiduNetdiskDownload\fire\Aqua_VisibleBatch250\images\0160.png,D:\BaiduNetdiskDownload\fire\Aqua_IRBatch250\images\0160.png,0.348113,-0.342484,-0.329829,-0.80792,lowres,lowres,subset_4
Aqua,161,D:\BaiduNetdiskDownload\fire\Aqua_VisibleBatch250\images\0161.png,D:\BaiduNetdiskDownload\fire\Aqua_IRBatch250\images\0161.png,0.341558,-0.345173,-0.327044,-0.810701,lowres,lowres,subset_4
Aqua,162,D:\BaiduNetdiskDownload\fire\Aqua_VisibleBatch250\images\0162.png,D:\BaiduNetdiskDownload\fire\Aqua_IRBatch250\images\0162.png,0.334768,-0.347827,-0.324147,-0.813557,lowres,lowres,subset_4
Aqua,163,D:\BaiduNetdiskDownload\fire\Aqua_VisibleBatch250\images\0163.png,D:\BaiduNetdiskDownload\fire\Aqua_IRBatch250\images\0163.png,0.327791,-0.350647,-0.321157,-0.816369,lowres,lowres,subset_4
Aqua,164,D:\BaiduNetdiskDownload\fire\Aqua_VisibleBatch250\images\0164.png,D:\BaiduNetdiskDownload\fire\Aqua_IRBatch250\images\0164.png,0.320574,-0.353411,-0.318052,-0.819253,lowres,lowres,subset_4
Aqua,165,D:\BaiduNetdiskDownload\fire\Aqua_VisibleBatch250\images\0165.png,D:\BaiduNetdiskDownload\fire\Aqua_IRBatch250\images\0165.png,0.313171,-0.356328,-0.314848,-0.822086,lowres,lowres,subset_4
Aqua,166,D:\BaiduNetdiskDownload\fire\Aqua_VisibleBatch250\images\0166.png,D:\BaiduNetdiskDownload\fire\Aqua_IRBatch250\images\0166.png,0.305544,-0.359237,-0.311533,-0.824948,lowres,lowres,subset_4
Aqua,168,D:\BaiduNetdiskDownload\fire\Aqua_VisibleBatch250\images\0168.png,D:\BaiduNetdiskDownload\fire\Aqua_IRBatch250\images\0168.png,0.289646,-0.3651,-0.304581,-0.830685,lowres,lowres,subset_4
Aqua,169,D:\BaiduNetdiskDownload\fire\Aqua_VisibleBatch250\images\0169.png,D:\BaiduNetdiskDownload\fire\Aqua_IRBatch250\images\0169.png,0.281424,-0.368198,-0.300949,-0.833463,lowres,lowres,subset_4
Aqua,170,D:\BaiduNetdiskDownload\fire\Aqua_VisibleBatch250\images\0170.png,D:\BaiduNetdiskDownload\fire\Aqua_IRBatch250\images\0170.png,0.272964,-0.371174,-0.297208,-0.836294,lowres,lowres,subset_4
Aqua,172,D:\BaiduNetdiskDownload\fire\Aqua_VisibleBatch250\images\0172.png,D:\BaiduNetdiskDownload\fire\Aqua_IRBatch250\images\0172.png,0.255504,-0.377271,-0.289422,-0.841795,lowres,lowres,subset_4
Aqua,174,D:\BaiduNetdiskDownload\fire\Aqua_VisibleBatch250\images\0174.png,D:\BaiduNetdiskDownload\fire\Aqua_IRBatch250\images\0174.png,0.237328,-0.383355,-0.281244,-0.847122,lowres,lowres,subset_4
Aqua,178,D:\BaiduNetdiskDownload\fire\Aqua_VisibleBatch250\images\0178.png,D:\BaiduNetdiskDownload\fire\Aqua_IRBatch250\images\0178.png,0.199249,-0.395591,-0.263827,-0.856856,lowres,lowres,subset_4
Aqua,179,D:\BaiduNetdiskDownload\fire\Aqua_VisibleBatch250\images\0179.png,D:\BaiduNetdiskDownload\fire\Aqua_IRBatch250\images\0179.png,0.189437,-0.398603,-0.259281,-0.859071,lowres,lowres,subset_4
Aqua,182,D:\BaiduNetdiskDownload\fire\Aqua_VisibleBatch250\images\0182.png,D:\BaiduNetdiskDownload\fire\Aqua_IRBatch250\images\0182.png,0.159491,-0.407299,-0.245301,-0.865158,lowres,lowres,subset_4
Aqua,185,D:\BaiduNetdiskDownload\fire\Aqua_VisibleBatch250\images\0185.png,D:\BaiduNetdiskDownload\fire\Aqua_IRBatch250\images\0185.png,0.129251,-0.41572,-0.230924,-0.870141,lowres,lowres,subset_4
Aqua,186,D:\BaiduNetdiskDownload\fire\Aqua_VisibleBatch250\images\0186.png,D:\BaiduNetdiskDownload\fire\Aqua_IRBatch250\images\0186.png,0.119117,-0.418261,-0.226108,-0.871633,lowres,lowres,subset_4
Aqua,187,D:\BaiduNetdiskDownload\fire\Aqua_VisibleBatch250\images\0187.png,D:\BaiduNetdiskDownload\fire\Aqua_IRBatch250\images\0187.png,0.109077,-0.420904,-0.221257,-0.872919,lowres,lowres,subset_4
Aqua,188,D:\BaiduNetdiskDownload\fire\Aqua_VisibleBatch250\images\0188.png,D:\BaiduNetdiskDownload\fire\Aqua_IRBatch250\images\0188.png,0.098987,-0.423231,-0.21645,-0.8742,lowres,lowres,subset_4
Aqua,191,D:\BaiduNetdiskDownload\fire\Aqua_VisibleBatch250\images\0191.png,D:\BaiduNetdiskDownload\fire\Aqua_IRBatch250\images\0191.png,0.069409,-0.430409,-0.201991,-0.877,lowres,lowres,subset_4
Aqua,196,D:\BaiduNetdiskDownload\fire\Aqua_VisibleBatch250\images\0196.png,D:\BaiduNetdiskDownload\fire\Aqua_IRBatch250\images\0196.png,0.022379,-0.440634,-0.178655,-0.879445,lowres,lowres,subset_4
Aqua,199,D:\BaiduNetdiskDownload\fire\Aqua_VisibleBatch250\images\0199.png,D:\BaiduNetdiskDownload\fire\Aqua_IRBatch250\images\0199.png,0.003949,0.445767,0.165398,0.879727,lowres,lowres,subset_4
Aqua,200,D:\BaiduNetdiskDownload\fire\Aqua_VisibleBatch250\images\0200.png,D:\BaiduNetdiskDownload\fire\Aqua_IRBatch250\images\0200.png,0.012336,0.447362,0.16112,0.879634,lowres,lowres,subset_4
Aqua,205,D:\BaiduNetdiskDownload\fire\Aqua_VisibleBatch250\images\0205.png,D:\BaiduNetdiskDownload\fire\Aqua_IRBatch250\images\0205.png,0.051345,0.454087,0.141107,0.878213,normal_ref,normal_ref,subset_5
Aqua,206,D:\BaiduNetdiskDownload\fire\Aqua_VisibleBatch250\images\0206.png,D:\BaiduNetdiskDownload\fire\Aqua_IRBatch250\images\0206.png,0.058571,0.455137,0.137423,0.877801,normal_ref,normal_ref,subset_5
Aqua,209,D:\BaiduNetdiskDownload\fire\Aqua_VisibleBatch250\images\0209.png,D:\BaiduNetdiskDownload\fire\Aqua_IRBatch250\images\0209.png,0.078823,0.458259,0.126833,0.876184,normal_ref,normal_ref,subset_5
Aqua,210,D:\BaiduNetdiskDownload\fire\Aqua_VisibleBatch250\images\0210.png,D:\BaiduNetdiskDownload\fire\Aqua_IRBatch250\images\0210.png,0.085153,0.459188,0.123502,0.875581,normal_ref,normal_ref,subset_5
Aqua,211,D:\BaiduNetdiskDownload\fire\Aqua_VisibleBatch250\images\0211.png,D:\BaiduNetdiskDownload\fire\Aqua_IRBatch250\images\0211.png,0.091304,0.46001,0.120295,0.874976,normal_ref,normal_ref,subset_5
Aqua,212,D:\BaiduNetdiskDownload\fire\Aqua_VisibleBatch250\images\0212.png,D:\BaiduNetdiskDownload\fire\Aqua_IRBatch250\images\0212.png,0.097229,0.460823,0.11717,0.874334,normal_ref,normal_ref,subset_5
Aqua,213,D:\BaiduNetdiskDownload\fire\Aqua_VisibleBatch250\images\0213.png,D:\BaiduNetdiskDownload\fire\Aqua_IRBatch250\images\0213.png,0.102947,0.461594,0.114143,0.873673,normal_ref,normal_ref,subset_5
Aqua,214,D:\BaiduNetdiskDownload\fire\Aqua_VisibleBatch250\images\0214.png,D:\BaiduNetdiskDownload\fire\Aqua_IRBatch250\images\0214.png,0.108447,0.462349,0.111202,0.872987,normal_ref,normal_ref,subset_5
Aqua,216,D:\BaiduNetdiskDownload\fire\Aqua_VisibleBatch250\images\0216.png,D:\BaiduNetdiskDownload\fire\Aqua_IRBatch250\images\0216.png,0.118943,0.463571,0.10569,0.871656,normal_ref,normal_ref,subset_5
Aqua,222,D:\BaiduNetdiskDownload\fire\Aqua_VisibleBatch250\images\0222.png,D:\BaiduNetdiskDownload\fire\Aqua_IRBatch250\images\0222.png,0.145787,0.466584,0.091355,0.867582,normal_ref,normal_ref,subset_5
Aqua,224,D:\BaiduNetdiskDownload\fire\Aqua_VisibleBatch250\images\0224.png,D:\BaiduNetdiskDownload\fire\Aqua_IRBatch250\images\0224.png,0.153282,0.467396,0.087286,0.866271,normal_ref,normal_ref,subset_5
Aqua,225,D:\BaiduNetdiskDownload\fire\Aqua_VisibleBatch250\images\0225.png,D:\BaiduNetdiskDownload\fire\Aqua_IRBatch250\images\0225.png,0.15679,0.467741,0.085396,0.865646,normal_ref,normal_ref,subset_5
Aqua,226,D:\BaiduNetdiskDownload\fire\Aqua_VisibleBatch250\images\0226.png,D:\BaiduNetdiskDownload\fire\Aqua_IRBatch250\images\0226.png,0.160129,0.468068,0.083589,0.865034,normal_ref,normal_ref,subset_5
Aqua,228,D:\BaiduNetdiskDownload\fire\Aqua_VisibleBatch250\images\0228.png,D:\BaiduNetdiskDownload\fire\Aqua_IRBatch250\images\0228.png,0.166353,0.468608,0.080256,0.863882,normal_ref,normal_ref,subset_5
Aqua,229,D:\BaiduNetdiskDownload\fire\Aqua_VisibleBatch250\images\0229.png,D:\BaiduNetdiskDownload\fire\Aqua_IRBatch250\images\0229.png,0.169234,0.468841,0.078719,0.863337,normal_ref,normal_ref,subset_5
Aqua,230,D:\BaiduNetdiskDownload\fire\Aqua_VisibleBatch250\images\0230.png,D:\BaiduNetdiskDownload\fire\Aqua_IRBatch250\images\0230.png,0.171927,0.469112,0.077233,0.862792,normal_ref,normal_ref,subset_5
Aqua,231,D:\BaiduNetdiskDownload\fire\Aqua_VisibleBatch250\images\0231.png,D:\BaiduNetdiskDownload\fire\Aqua_IRBatch250\images\0231.png,0.174479,0.469348,0.075837,0.862275,normal_ref,normal_ref,subset_5
Aqua,233,D:\BaiduNetdiskDownload\fire\Aqua_VisibleBatch250\images\0233.png,D:\BaiduNetdiskDownload\fire\Aqua_IRBatch250\images\0233.png,0.179103,0.469829,0.073249,0.861288,normal_ref,normal_ref,subset_5
Aqua,234,D:\BaiduNetdiskDownload\fire\Aqua_VisibleBatch250\images\0234.png,D:\BaiduNetdiskDownload\fire\Aqua_IRBatch250\images\0234.png,0.181256,0.469945,0.07213,0.860869,normal_ref,normal_ref,subset_5
Aqua,236,D:\BaiduNetdiskDownload\fire\Aqua_VisibleBatch250\images\0236.png,D:\BaiduNetdiskDownload\fire\Aqua_IRBatch250\images\0236.png,0.185089,0.470212,0.070077,0.860077,normal_ref,normal_ref,subset_5
Aqua,237,D:\BaiduNetdiskDownload\fire\Aqua_VisibleBatch250\images\0237.png,D:\BaiduNetdiskDownload\fire\Aqua_IRBatch250\images\0237.png,0.186695,0.470495,0.069068,0.859656,normal_ref,normal_ref,subset_5
Aqua,239,D:\BaiduNetdiskDownload\fire\Aqua_VisibleBatch250\images\0239.png,D:\BaiduNetdiskDownload\fire\Aqua_IRBatch250\images\0239.png,0.189663,0.470735,0.067439,0.859004,normal_ref,normal_ref,subset_5
Aqua,240,D:\BaiduNetdiskDownload\fire\Aqua_VisibleBatch250\images\0240.png,D:\BaiduNetdiskDownload\fire\Aqua_IRBatch250\images\0240.png,0.191015,0.470717,0.066805,0.858764,normal_ref,normal_ref,subset_5
Aqua,242,D:\BaiduNetdiskDownload\fire\Aqua_VisibleBatch250\images\0242.png,D:\BaiduNetdiskDownload\fire\Aqua_IRBatch250\images\0242.png,0.194023,0.469139,0.066753,0.858957,normal_ref,normal_ref,subset_5
Aqua,243,D:\BaiduNetdiskDownload\fire\Aqua_VisibleBatch250\images\0243.png,D:\BaiduNetdiskDownload\fire\Aqua_IRBatch250\images\0243.png,0.196186,0.466738,0.067819,0.85969,normal_ref,normal_ref,subset_5
Aqua,245,D:\BaiduNetdiskDownload\fire\Aqua_VisibleBatch250\images\0245.png,D:\BaiduNetdiskDownload\fire\Aqua_IRBatch250\images\0245.png,0.201506,0.459478,0.071588,0.862062,normal_ref,normal_ref,subset_5
Aqua,246,D:\BaiduNetdiskDownload\fire\Aqua_VisibleBatch250\images\0246.png,D:\BaiduNetdiskDownload\fire\Aqua_IRBatch250\images\0246.png,0.204821,0.454402,0.074378,0.863733,normal_ref,normal_ref,subset_5
Aqua,248,D:\BaiduNetdiskDownload\fire\Aqua_VisibleBatch250\images\0248.png,D:\BaiduNetdiskDownload\fire\Aqua_IRBatch250\images\0248.png,0.212854,0.441246,0.081736,0.867937,normal_ref,normal_ref,subset_5
Aqua,249,D:\BaiduNetdiskDownload\fire\Aqua_VisibleBatch250\images\0249.png,D:\BaiduNetdiskDownload\fire\Aqua_IRBatch250\images\0249.png,0.217575,0.433147,0.08628,0.870403,normal_ref,normal_ref,subset_5
Aqua,250,D:\BaiduNetdiskDownload\fire\Aqua_VisibleBatch250\images\0250.png,D:\BaiduNetdiskDownload\fire\Aqua_IRBatch250\images\0250.png,0.224823,0.420332,0.093437,0.874097,normal_ref,normal_ref,subset_5
Clementine,1,D:\BaiduNetdiskDownload\fire\Clementine_VisibleBatch250\images\0001.png,D:\BaiduNetdiskDownload\fire\Clementine_IRBatch250\images\0001.png,0.071775,-0.419979,-0.198095,-0.882737,lowlight,lowcontrast,subset_1
Clementine,3,D:\BaiduNetdiskDownload\fire\Clementine_VisibleBatch250\images\0003.png,D:\BaiduNetdiskDownload\fire\Clementine_IRBatch250\images\0003.png,0.072296,-0.419742,-0.198388,-0.882741,lowlight,lowcontrast,subset_1
Clementine,4,D:\BaiduNetdiskDownload\fire\Clementine_VisibleBatch250\images\0004.png,D:\BaiduNetdiskDownload\fire\Clementine_IRBatch250\images\0004.png,0.07269,-0.419759,-0.198535,-0.882667,lowlight,lowcontrast,subset_1
Clementine,9,D:\BaiduNetdiskDownload\fire\Clementine_VisibleBatch250\images\0009.png,D:\BaiduNetdiskDownload\fire\Clementine_IRBatch250\images\0009.png,0.075135,-0.419136,-0.199724,-0.882491,lowlight,lowcontrast,subset_1
Clementine,12,D:\BaiduNetdiskDownload\fire\Clementine_VisibleBatch250\images\0012.png,D:\BaiduNetdiskDownload\fire\Clementine_IRBatch250\images\0012.png,0.077181,-0.418698,-0.200686,-0.882304,lowlight,lowcontrast,subset_1
Clementine,15,D:\BaiduNetdiskDownload\fire\Clementine_VisibleBatch250\images\0015.png,D:\BaiduNetdiskDownload\fire\Clementine_IRBatch250\images\0015.png,0.079599,-0.418087,-0.201855,-0.882112,lowlight,lowcontrast,subset_1
Clementine,16,D:\BaiduNetdiskDownload\fire\Clementine_VisibleBatch250\images\0016.png,D:\BaiduNetdiskDownload\fire\Clementine_IRBatch250\images\0016.png,0.080528,-0.417947,-0.202268,-0.881999,lowlight,lowcontrast,subset_1
Clementine,17,D:\BaiduNetdiskDownload\fire\Clementine_VisibleBatch250\images\0017.png,D:\BaiduNetdiskDownload\fire\Clementine_IRBatch250\images\0017.png,0.081465,-0.41771,-0.20272,-0.881922,lowlight,lowcontrast,subset_1
Clementine,18,D:\BaiduNetdiskDownload\fire\Clementine_VisibleBatch250\images\0018.png,D:\BaiduNetdiskDownload\fire\Clementine_IRBatch250\images\0018.png,0.082453,-0.417482,-0.203188,-0.88183,lowlight,lowcontrast,subset_1
Clementine,19,D:\BaiduNetdiskDownload\fire\Clementine_VisibleBatch250\images\0019.png,D:\BaiduNetdiskDownload\fire\Clementine_IRBatch250\images\0019.png,0.083469,-0.417211,-0.203683,-0.881749,lowlight,lowcontrast,subset_1
Clementine,20,D:\BaiduNetdiskDownload\fire\Clementine_VisibleBatch250\images\0020.png,D:\BaiduNetdiskDownload\fire\Clementine_IRBatch250\images\0020.png,0.08458,-0.417059,-0.20417,-0.881602,lowlight,lowcontrast,subset_1
Clementine,22,D:\BaiduNetdiskDownload\fire\Clementine_VisibleBatch250\images\0022.png,D:\BaiduNetdiskDownload\fire\Clementine_IRBatch250\images\0022.png,0.086813,-0.416451,-0.205258,-0.88142,lowlight,lowcontrast,subset_1
Clementine,23,D:\BaiduNetdiskDownload\fire\Clementine_VisibleBatch250\images\0023.png,D:\BaiduNetdiskDownload\fire\Clementine_IRBatch250\images\0023.png,0.088004,-0.416169,-0.205822,-0.881303,lowlight,lowcontrast,subset_1
Clementine,24,D:\BaiduNetdiskDownload\fire\Clementine_VisibleBatch250\images\0024.png,D:\BaiduNetdiskDownload\fire\Clementine_IRBatch250\images\0024.png,0.089246,-0.415906,-0.206399,-0.881168,lowlight,lowcontrast,subset_1
Clementine,25,D:\BaiduNetdiskDownload\fire\Clementine_VisibleBatch250\images\0025.png,D:\BaiduNetdiskDownload\fire\Clementine_IRBatch250\images\0025.png,0.090513,-0.415597,-0.207001,-0.881043,lowlight,lowcontrast,subset_1
Clementine,29,D:\BaiduNetdiskDownload\fire\Clementine_VisibleBatch250\images\0029.png,D:\BaiduNetdiskDownload\fire\Clementine_IRBatch250\images\0029.png,0.095949,-0.414266,-0.209578,-0.880486,lowlight,lowcontrast,subset_1
Clementine,31,D:\BaiduNetdiskDownload\fire\Clementine_VisibleBatch250\images\0031.png,D:\BaiduNetdiskDownload\fire\Clementine_IRBatch250\images\0031.png,0.098917,-0.413645,-0.210943,-0.880123,lowlight,lowcontrast,subset_1
Clementine,32,D:\BaiduNetdiskDownload\fire\Clementine_VisibleBatch250\images\0032.png,D:\BaiduNetdiskDownload\fire\Clementine_IRBatch250\images\0032.png,0.10043,-0.413268,-0.211659,-0.879957,lowlight,lowcontrast,subset_1
Clementine,33,D:\BaiduNetdiskDownload\fire\Clementine_VisibleBatch250\images\0033.png,D:\BaiduNetdiskDownload\fire\Clementine_IRBatch250\images\0033.png,0.102,-0.412948,-0.212376,-0.879754,lowlight,lowcontrast,subset_1
Clementine,34,D:\BaiduNetdiskDownload\fire\Clementine_VisibleBatch250\images\0034.png,D:\BaiduNetdiskDownload\fire\Clementine_IRBatch250\images\0034.png,0.10358,-0.412565,-0.213118,-0.879569,lowlight,lowcontrast,subset_1
Clementine,35,D:\BaiduNetdiskDownload\fire\Clementine_VisibleBatch250\images\0035.png,D:\BaiduNetdiskDownload\fire\Clementine_IRBatch250\images\0035.png,0.105158,-0.412095,-0.213887,-0.879415,lowlight,lowcontrast,subset_1
Clementine,38,D:\BaiduNetdiskDownload\fire\Clementine_VisibleBatch250\images\0038.png,D:\BaiduNetdiskDownload\fire\Clementine_IRBatch250\images\0038.png,0.110167,-0.410901,-0.216221,-0.87879,lowlight,lowcontrast,subset_1
Clementine,39,D:\BaiduNetdiskDownload\fire\Clementine_VisibleBatch250\images\0039.png,D:\BaiduNetdiskDownload\fire\Clementine_IRBatch250\images\0039.png,0.111865,-0.410427,-0.217033,-0.878597,lowlight,lowcontrast,subset_1
Clementine,40,D:\BaiduNetdiskDownload\fire\Clementine_VisibleBatch250\images\0040.png,D:\BaiduNetdiskDownload\fire\Clementine_IRBatch250\images\0040.png,0.113644,-0.410089,-0.21783,-0.878329,lowlight,lowcontrast,subset_1
Clementine,41,D:\BaiduNetdiskDownload\fire\Clementine_VisibleBatch250\images\0041.png,D:\BaiduNetdiskDownload\fire\Clementine_IRBatch250\images\0041.png,0.115392,-0.409606,-0.218661,-0.87812,lowlight,lowcontrast,subset_1
Clementine,42,D:\BaiduNetdiskDownload\fire\Clementine_VisibleBatch250\images\0042.png,D:\BaiduNetdiskDownload\fire\Clementine_IRBatch250\images\0042.png,0.117154,-0.409092,-0.219506,-0.877915,lowlight,lowcontrast,subset_1
Clementine,44,D:\BaiduNetdiskDownload\fire\Clementine_VisibleBatch250\images\0044.png,D:\BaiduNetdiskDownload\fire\Clementine_IRBatch250\images\0044.png,0.12082,-0.408256,-0.221186,-0.877386,lowlight,lowcontrast,subset_1
Clementine,45,D:\BaiduNetdiskDownload\fire\Clementine_VisibleBatch250\images\0045.png,D:\BaiduNetdiskDownload\fire\Clementine_IRBatch250\images\0045.png,0.122617,-0.407661,-0.222066,-0.877191,lowlight,lowcontrast,subset_1
Clementine,46,D:\BaiduNetdiskDownload\fire\Clementine_VisibleBatch250\images\0046.png,D:\BaiduNetdiskDownload\fire\Clementine_IRBatch250\images\0046.png,0.124505,-0.407253,-0.222921,-0.876898,lowlight,lowcontrast,subset_1
Clementine,50,D:\BaiduNetdiskDownload\fire\Clementine_VisibleBatch250\images\0050.png,D:\BaiduNetdiskDownload\fire\Clementine_IRBatch250\images\0050.png,0.132121,-0.405354,-0.226435,-0.875762,lowlight,lowcontrast,subset_1
Clementine,53,D:\BaiduNetdiskDownload\fire\Clementine_VisibleBatch250\images\0053.png,D:\BaiduNetdiskDownload\fire\Clementine_IRBatch250\images\0053.png,0.137897,-0.403744,-0.229136,-0.874913,backlit,hotspot,subset_2
Clementine,54,D:\BaiduNetdiskDownload\fire\Clementine_VisibleBatch250\images\0054.png,D:\BaiduNetdiskDownload\fire\Clementine_IRBatch250\images\0054.png,0.139868,-0.40328,-0.23003,-0.874579,backlit,hotspot,subset_2
Clementine,55,D:\BaiduNetdiskDownload\fire\Clementine_VisibleBatch250\images\0055.png,D:\BaiduNetdiskDownload\fire\Clementine_IRBatch250\images\0055.png,0.141831,-0.402782,-0.230929,-0.874255,backlit,hotspot,subset_2
Clementine,56,D:\BaiduNetdiskDownload\fire\Clementine_VisibleBatch250\images\0056.png,D:\BaiduNetdiskDownload\fire\Clementine_IRBatch250\images\0056.png,0.143798,-0.402277,-0.231831,-0.873928,backlit,hotspot,subset_2
Clementine,57,D:\BaiduNetdiskDownload\fire\Clementine_VisibleBatch250\images\0057.png,D:\BaiduNetdiskDownload\fire\Clementine_IRBatch250\images\0057.png,0.145712,-0.401622,-0.232752,-0.873667,backlit,hotspot,subset_2
Clementine,61,D:\BaiduNetdiskDownload\fire\Clementine_VisibleBatch250\images\0061.png,D:\BaiduNetdiskDownload\fire\Clementine_IRBatch250\images\0061.png,0.153627,-0.399693,-0.236331,-0.872234,backlit,hotspot,subset_2
Clementine,62,D:\BaiduNetdiskDownload\fire\Clementine_VisibleBatch250\images\0062.png,D:\BaiduNetdiskDownload\fire\Clementine_IRBatch250\images\0062.png,0.155575,-0.399146,-0.237228,-0.871896,backlit,hotspot,subset_2
Clementine,65,D:\BaiduNetdiskDownload\fire\Clementine_VisibleBatch250\images\0065.png,D:\BaiduNetdiskDownload\fire\Clementine_IRBatch250\images\0065.png,0.161363,-0.397458,-0.239901,-0.870883,backlit,hotspot,subset_2
Clementine,69,D:\BaiduNetdiskDownload\fire\Clementine_VisibleBatch250\images\0069.png,D:\BaiduNetdiskDownload\fire\Clementine_IRBatch250\images\0069.png,0.169,-0.395398,-0.243365,-0.86941,backlit,hotspot,subset_2
Clementine,70,D:\BaiduNetdiskDownload\fire\Clementine_VisibleBatch250\images\0070.png,D:\BaiduNetdiskDownload\fire\Clementine_IRBatch250\images\0070.png,0.17089,-0.394934,-0.244208,-0.869014,backlit,hotspot,subset_2
Clementine,72,D:\BaiduNetdiskDownload\fire\Clementine_VisibleBatch250\images\0072.png,D:\BaiduNetdiskDownload\fire\Clementine_IRBatch250\images\0072.png,0.174537,-0.393773,-0.245895,-0.86834,backlit,hotspot,subset_2
Clementine,73,D:\BaiduNetdiskDownload\fire\Clementine_VisibleBatch250\images\0073.png,D:\BaiduNetdiskDownload\fire\Clementine_IRBatch250\images\0073.png,0.176367,-0.393295,-0.246715,-0.867955,backlit,hotspot,subset_2
Clementine,77,D:\BaiduNetdiskDownload\fire\Clementine_VisibleBatch250\images\0077.png,D:\BaiduNetdiskDownload\fire\Clementine_IRBatch250\images\0077.png,0.183456,-0.391376,-0.249897,-0.866441,backlit,hotspot,subset_2
Clementine,79,D:\BaiduNetdiskDownload\fire\Clementine_VisibleBatch250\images\0079.png,D:\BaiduNetdiskDownload\fire\Clementine_IRBatch250\images\0079.png,0.186833,-0.390378,-0.251427,-0.865727,backlit,hotspot,subset_2
Clementine,80,D:\BaiduNetdiskDownload\fire\Clementine_VisibleBatch250\images\0080.png,D:\BaiduNetdiskDownload\fire\Clementine_IRBatch250\images\0080.png,0.188477,-0.389875,-0.252174,-0.86538,backlit,hotspot,subset_2
Clementine,81,D:\BaiduNetdiskDownload\fire\Clementine_VisibleBatch250\images\0081.png,D:\BaiduNetdiskDownload\fire\Clementine_IRBatch250\images\0081.png,0.1901,-0.389398,-0.252907,-0.865025,backlit,hotspot,subset_2
Clementine,82,D:\BaiduNetdiskDownload\fire\Clementine_VisibleBatch250\images\0082.png,D:\BaiduNetdiskDownload\fire\Clementine_IRBatch250\images\0082.png,0.191701,-0.388948,-0.253625,-0.864664,backlit,hotspot,subset_2
Clementine,83,D:\BaiduNetdiskDownload\fire\Clementine_VisibleBatch250\images\0083.png,D:\BaiduNetdiskDownload\fire\Clementine_IRBatch250\images\0083.png,0.193266,-0.388484,-0.25433,-0.864318,backlit,hotspot,subset_2
Clementine,84,D:\BaiduNetdiskDownload\fire\Clementine_VisibleBatch250\images\0084.png,D:\BaiduNetdiskDownload\fire\Clementine_IRBatch250\images\0084.png,0.194801,-0.388033,-0.255021,-0.863972,backlit,hotspot,subset_2
Clementine,85,D:\BaiduNetdiskDownload\fire\Clementine_VisibleBatch250\images\0085.png,D:\BaiduNetdiskDownload\fire\Clementine_IRBatch250\images\0085.png,0.196288,-0.387541,-0.2557,-0.863655,backlit,hotspot,subset_2
Clementine,86,D:\BaiduNetdiskDownload\fire\Clementine_VisibleBatch250\images\0086.png,D:\BaiduNetdiskDownload\fire\Clementine_IRBatch250\images\0086.png,0.197774,-0.387149,-0.256357,-0.863297,backlit,hotspot,subset_2
Clementine,88,D:\BaiduNetdiskDownload\fire\Clementine_VisibleBatch250\images\0088.png,D:\BaiduNetdiskDownload\fire\Clementine_IRBatch250\images\0088.png,0.200582,-0.386205,-0.257639,-0.86269,backlit,hotspot,subset_2
Clementine,90,D:\BaiduNetdiskDownload\fire\Clementine_VisibleBatch250\images\0090.png,D:\BaiduNetdiskDownload\fire\Clementine_IRBatch250\images\0090.png,0.203298,-0.385439,-0.258845,-0.862036,backlit,hotspot,subset_2
Clementine,92,D:\BaiduNetdiskDownload\fire\Clementine_VisibleBatch250\images\0092.png,D:\BaiduNetdiskDownload\fire\Clementine_IRBatch250\images\0092.png,0.205865,-0.384702,-0.259984,-0.861413,backlit,hotspot,subset_2
Clementine,93,D:\BaiduNetdiskDownload\fire\Clementine_VisibleBatch250\images\0093.png,D:\BaiduNetdiskDownload\fire\Clementine_IRBatch250\images\0093.png,0.207089,-0.38434,-0.260529,-0.861116,backlit,hotspot,subset_2
Clementine,94,D:\BaiduNetdiskDownload\fire\Clementine_VisibleBatch250\images\0094.png,D:\BaiduNetdiskDownload\fire\Clementine_IRBatch250\images\0094.png,0.208261,-0.383949,-0.261059,-0.860848,backlit,hotspot,subset_2
Clementine,95,D:\BaiduNetdiskDownload\fire\Clementine_VisibleBatch250\images\0095.png,D:\BaiduNetdiskDownload\fire\Clementine_IRBatch250\images\0095.png,0.209397,-0.383582,-0.26157,-0.860581,backlit,hotspot,subset_2
Clementine,96,D:\BaiduNetdiskDownload\fire\Clementine_VisibleBatch250\images\0096.png,D:\BaiduNetdiskDownload\fire\Clementine_IRBatch250\images\0096.png,0.210504,-0.383255,-0.262061,-0.860307,backlit,hotspot,subset_2
Clementine,97,D:\BaiduNetdiskDownload\fire\Clementine_VisibleBatch250\images\0097.png,D:\BaiduNetdiskDownload\fire\Clementine_IRBatch250\images\0097.png,0.211564,-0.38292,-0.262535,-0.860051,backlit,hotspot,subset_2
Clementine,98,D:\BaiduNetdiskDownload\fire\Clementine_VisibleBatch250\images\0098.png,D:\BaiduNetdiskDownload\fire\Clementine_IRBatch250\images\0098.png,0.212612,-0.382684,-0.262987,-0.85976,backlit,hotspot,subset_2
Clementine,101,D:\BaiduNetdiskDownload\fire\Clementine_VisibleBatch250\images\0101.png,D:\BaiduNetdiskDownload\fire\Clementine_IRBatch250\images\0101.png,0.215404,-0.381744,-0.264244,-0.859097,overexpose,lowsnr,subset_3
Clementine,103,D:\BaiduNetdiskDownload\fire\Clementine_VisibleBatch250\images\0103.png,D:\BaiduNetdiskDownload\fire\Clementine_IRBatch250\images\0103.png,0.217058,-0.381197,-0.264987,-0.858695,overexpose,lowsnr,subset_3
Clementine,104,D:\BaiduNetdiskDownload\fire\Clementine_VisibleBatch250\images\0104.png,D:\BaiduNetdiskDownload\fire\Clementine_IRBatch250\images\0104.png,0.217832,-0.380978,-0.265327,-0.858491,overexpose,lowsnr,subset_3
Clementine,105,D:\BaiduNetdiskDownload\fire\Clementine_VisibleBatch250\images\0105.png,D:\BaiduNetdiskDownload\fire\Clementine_IRBatch250\images\0105.png,0.218566,-0.380784,-0.265647,-0.858291,overexpose,lowsnr,subset_3
Clementine,110,D:\BaiduNetdiskDownload\fire\Clementine_VisibleBatch250\images\0110.png,D:\BaiduNetdiskDownload\fire\Clementine_IRBatch250\images\0110.png,0.221517,-0.379867,-0.266957,-0.857534,overexpose,lowsnr,subset_3
Clementine,112,D:\BaiduNetdiskDownload\fire\Clementine_VisibleBatch250\images\0112.png,D:\BaiduNetdiskDownload\fire\Clementine_IRBatch250\images\0112.png,0.222377,-0.379586,-0.267341,-0.857317,overexpose,lowsnr,subset_3
Clementine,113,D:\BaiduNetdiskDownload\fire\Clementine_VisibleBatch250\images\0113.png,D:\BaiduNetdiskDownload\fire\Clementine_IRBatch250\images\0113.png,0.222764,-0.379544,-0.267499,-0.857185,overexpose,lowsnr,subset_3
Clementine,114,D:\BaiduNetdiskDownload\fire\Clementine_VisibleBatch250\images\0114.png,D:\BaiduNetdiskDownload\fire\Clementine_IRBatch250\images\0114.png,0.223077,-0.379428,-0.267641,-0.857111,overexpose,lowsnr,subset_3
Clementine,115,D:\BaiduNetdiskDownload\fire\Clementine_VisibleBatch250\images\0115.png,D:\BaiduNetdiskDownload\fire\Clementine_IRBatch250\images\0115.png,0.223334,-0.379299,-0.267764,-0.857063,overexpose,lowsnr,subset_3
Clementine,119,D:\BaiduNetdiskDownload\fire\Clementine_VisibleBatch250\images\0119.png,D:\BaiduNetdiskDownload\fire\Clementine_IRBatch250\images\0119.png,0.224004,-0.379227,-0.268037,-0.856834,overexpose,lowsnr,subset_3
Clementine,120,D:\BaiduNetdiskDownload\fire\Clementine_VisibleBatch250\images\0120.png,D:\BaiduNetdiskDownload\fire\Clementine_IRBatch250\images\0120.png,0.224027,-0.379158,-0.268058,-0.856852,overexpose,lowsnr,subset_3
Clementine,122,D:\BaiduNetdiskDownload\fire\Clementine_VisibleBatch250\images\0122.png,D:\BaiduNetdiskDownload\fire\Clementine_IRBatch250\images\0122.png,0.223946,-0.379089,-0.268038,-0.85691,overexpose,lowsnr,subset_3
Clementine,123,D:\BaiduNetdiskDownload\fire\Clementine_VisibleBatch250\images\0123.png,D:\BaiduNetdiskDownload\fire\Clementine_IRBatch250\images\0123.png,0.223876,-0.379198,-0.267992,-0.856895,overexpose,lowsnr,subset_3
Clementine,124,D:\BaiduNetdiskDownload\fire\Clementine_VisibleBatch250\images\0124.png,D:\BaiduNetdiskDownload\fire\Clementine_IRBatch250\images\0124.png,0.223743,-0.379269,-0.267928,-0.856918,overexpose,lowsnr,subset_3
Clementine,125,D:\BaiduNetdiskDownload\fire\Clementine_VisibleBatch250\images\0125.png,D:\BaiduNetdiskDownload\fire\Clementine_IRBatch250\images\0125.png,0.22354,-0.379279,-0.267848,-0.856992,overexpose,lowsnr,subset_3
Clementine,126,D:\BaiduNetdiskDownload\fire\Clementine_VisibleBatch250\images\0126.png,D:\BaiduNetdiskDownload\fire\Clementine_IRBatch250\images\0126.png,0.223316,-0.379378,-0.267743,-0.857039,overexpose,lowsnr,subset_3
Clementine,128,D:\BaiduNetdiskDownload\fire\Clementine_VisibleBatch250\images\0128.png,D:\BaiduNetdiskDownload\fire\Clementine_IRBatch250\images\0128.png,0.22269,-0.379489,-0.26748,-0.857235,overexpose,lowsnr,subset_3
Clementine,129,D:\BaiduNetdiskDownload\fire\Clementine_VisibleBatch250\images\0129.png,D:\BaiduNetdiskDownload\fire\Clementine_IRBatch250\images\0129.png,0.222323,-0.379606,-0.267317,-0.857329,overexpose,lowsnr,subset_3
Clementine,130,D:\BaiduNetdiskDownload\fire\Clementine_VisibleBatch250\images\0130.png,D:\BaiduNetdiskDownload\fire\Clementine_IRBatch250\images\0130.png,0.221914,-0.379745,-0.267133,-0.857431,overexpose,lowsnr,subset_3
Clementine,131,D:\BaiduNetdiskDownload\fire\Clementine_VisibleBatch250\images\0131.png,D:\BaiduNetdiskDownload\fire\Clementine_IRBatch250\images\0131.png,0.22147,-0.37993,-0.266929,-0.857528,overexpose,lowsnr,subset_3
Clementine,132,D:\BaiduNetdiskDownload\fire\Clementine_VisibleBatch250\images\0132.png,D:\BaiduNetdiskDownload\fire\Clementine_IRBatch250\images\0132.png,0.220948,-0.380023,-0.266709,-0.857689,overexpose,lowsnr,subset_3
Clementine,135,D:\BaiduNetdiskDownload\fire\Clementine_VisibleBatch250\images\0135.png,D:\BaiduNetdiskDownload\fire\Clementine_IRBatch250\images\0135.png,0.219184,-0.380575,-0.265925,-0.858141,overexpose,lowsnr,subset_3
Clementine,137,D:\BaiduNetdiskDownload\fire\Clementine_VisibleBatch250\images\0137.png,D:\BaiduNetdiskDownload\fire\Clementine_IRBatch250\images\0137.png,0.217804,-0.381039,-0.265302,-0.858479,overexpose,lowsnr,subset_3
Clementine,138,D:\BaiduNetdiskDownload\fire\Clementine_VisibleBatch250\images\0138.png,D:\BaiduNetdiskDownload\fire\Clementine_IRBatch250\images\0138.png,0.217059,-0.381312,-0.26496,-0.858652,overexpose,lowsnr,subset_3
Clementine,139,D:\BaiduNetdiskDownload\fire\Clementine_VisibleBatch250\images\0139.png,D:\BaiduNetdiskDownload\fire\Clementine_IRBatch250\images\0139.png,0.21624,-0.381503,-0.264604,-0.858883,overexpose,lowsnr,subset_3
Clementine,142,D:\BaiduNetdiskDownload\fire\Clementine_VisibleBatch250\images\0142.png,D:\BaiduNetdiskDownload\fire\Clementine_IRBatch250\images\0142.png,0.21361,-0.382362,-0.263416,-0.859524,overexpose,lowsnr,subset_3
Clementine,143,D:\BaiduNetdiskDownload\fire\Clementine_VisibleBatch250\images\0143.png,D:\BaiduNetdiskDownload\fire\Clementine_IRBatch250\images\0143.png,0.212626,-0.382592,-0.262989,-0.859797,overexpose,lowsnr,subset_3
Clementine,144,D:\BaiduNetdiskDownload\fire\Clementine_VisibleBatch250\images\0144.png,D:\BaiduNetdiskDownload\fire\Clementine_IRBatch250\images\0144.png,0.211633,-0.382924,-0.262539,-0.860031,overexpose,lowsnr,subset_3
Clementine,145,D:\BaiduNetdiskDownload\fire\Clementine_VisibleBatch250\images\0145.png,D:\BaiduNetdiskDownload\fire\Clementine_IRBatch250\images\0145.png,0.21059,-0.383234,-0.262073,-0.860291,overexpose,lowsnr,subset_3
Clementine,148,D:\BaiduNetdiskDownload\fire\Clementine_VisibleBatch250\images\0148.png,D:\BaiduNetdiskDownload\fire\Clementine_IRBatch250\images\0148.png,0.20723,-0.384218,-0.26058,-0.861122,overexpose,lowsnr,subset_3
Clementine,152,D:\BaiduNetdiskDownload\fire\Clementine_VisibleBatch250\images\0152.png,D:\BaiduNetdiskDownload\fire\Clementine_IRBatch250\images\0152.png,0.20226,-0.385718,-0.258358,-0.862301,lowres,lowres,subset_4
Clementine,154,D:\BaiduNetdiskDownload\fire\Clementine_VisibleBatch250\images\0154.png,D:\BaiduNetdiskDownload\fire\Clementine_IRBatch250\images\0154.png,0.19957,-0.386519,-0.257154,-0.862929,lowres,lowres,subset_4
Clementine,155,D:\BaiduNetdiskDownload\fire\Clementine_VisibleBatch250\images\0155.png,D:\BaiduNetdiskDownload\fire\Clementine_IRBatch250\images\0155.png,0.198173,-0.386924,-0.256531,-0.863255,lowres,lowres,subset_4
Clementine,156,D:\BaiduNetdiskDownload\fire\Clementine_VisibleBatch250\images\0156.png,D:\BaiduNetdiskDownload\fire\Clementine_IRBatch250\images\0156.png,0.196771,-0.387413,-0.255887,-0.863548,lowres,lowres,subset_4
Clementine,157,D:\BaiduNetdiskDownload\fire\Clementine_VisibleBatch250\images\0157.png,D:\BaiduNetdiskDownload\fire\Clementine_IRBatch250\images\0157.png,0.195302,-0.387801,-0.255238,-0.863899,lowres,lowres,subset_4
Clementine,158,D:\BaiduNetdiskDownload\fire\Clementine_VisibleBatch250\images\0158.png,D:\BaiduNetdiskDownload\fire\Clementine_IRBatch250\images\0158.png,0.193828,-0.388271,-0.254568,-0.864217,lowres,lowres,subset_4
Clementine,159,D:\BaiduNetdiskDownload\fire\Clementine_VisibleBatch250\images\0159.png,D:\BaiduNetdiskDownload\fire\Clementine_IRBatch250\images\0159.png,0.192293,-0.388652,-0.253893,-0.864587,lowres,lowres,subset_4
Clementine,161,D:\BaiduNetdiskDownload\fire\Clementine_VisibleBatch250\images\0161.png,D:\BaiduNetdiskDownload\fire\Clementine_IRBatch250\images\0161.png,0.189208,-0.389631,-0.252489,-0.865238,lowres,lowres,subset_4
Clementine,162,D:\BaiduNetdiskDownload\fire\Clementine_VisibleBatch250\images\0162.png,D:\BaiduNetdiskDownload\fire\Clementine_IRBatch250\images\0162.png,0.187593,-0.390035,-0.251776,-0.865616,lowres,lowres,subset_4
Clementine,163,D:\BaiduNetdiskDownload\fire\Clementine_VisibleBatch250\images\0163.png,D:\BaiduNetdiskDownload\fire\Clementine_IRBatch250\images\0163.png,0.185992,-0.390556,-0.251042,-0.865939,lowres,lowres,subset_4
Clementine,164,D:\BaiduNetdiskDownload\fire\Clementine_VisibleBatch250\images\0164.png,D:\BaiduNetdiskDownload\fire\Clementine_IRBatch250\images\0164.png,0.184331,-0.390981,-0.250305,-0.866316,lowres,lowres,subset_4
Clementine,165,D:\BaiduNetdiskDownload\fire\Clementine_VisibleBatch250\images\0165.png,D:\BaiduNetdiskDownload\fire\Clementine_IRBatch250\images\0165.png,0.182685,-0.391518,-0.249547,-0.866641,lowres,lowres,subset_4
Clementine,167,D:\BaiduNetdiskDownload\fire\Clementine_VisibleBatch250\images\0167.png,D:\BaiduNetdiskDownload\fire\Clementine_IRBatch250\images\0167.png,0.179276,-0.392461,-0.248013,-0.867366,lowres,lowres,subset_4
Clementine,168,D:\BaiduNetdiskDownload\fire\Clementine_VisibleBatch250\images\0168.png,D:\BaiduNetdiskDownload\fire\Clementine_IRBatch250\images\0168.png,0.177543,-0.392947,-0.247231,-0.867726,lowres,lowres,subset_4
Clementine,170,D:\BaiduNetdiskDownload\fire\Clementine_VisibleBatch250\images\0170.png,D:\BaiduNetdiskDownload\fire\Clementine_IRBatch250\images\0170.png,0.174044,-0.39399,-0.245633,-0.868415,lowres,lowres,subset_4
Clementine,174,D:\BaiduNetdiskDownload\fire\Clementine_VisibleBatch250\images\0174.png,D:\BaiduNetdiskDownload\fire\Clementine_IRBatch250\images\0174.png,0.166798,-0.395962,-0.242355,-0.86986,lowres,lowres,subset_4
Clementine,177,D:\BaiduNetdiskDownload\fire\Clementine_VisibleBatch250\images\0177.png,D:\BaiduNetdiskDownload\fire\Clementine_IRBatch250\images\0177.png,0.161252,-0.39752,-0.239821,-0.870897,lowres,lowres,subset_4
Clementine,178,D:\BaiduNetdiskDownload\fire\Clementine_VisibleBatch250\images\0178.png,D:\BaiduNetdiskDownload\fire\Clementine_IRBatch250\images\0178.png,0.159392,-0.398063,-0.238963,-0.871227,lowres,lowres,subset_4
Clementine,179,D:\BaiduNetdiskDownload\fire\Clementine_VisibleBatch250\images\0179.png,D:\BaiduNetdiskDownload\fire\Clementine_IRBatch250\images\0179.png,0.15752,-0.398596,-0.238102,-0.871559,lowres,lowres,subset_4
Clementine,180,D:\BaiduNetdiskDownload\fire\Clementine_VisibleBatch250\images\0180.png,D:\BaiduNetdiskDownload\fire\Clementine_IRBatch250\images\0180.png,0.155592,-0.398994,-0.237254,-0.871955,lowres,lowres,subset_4
Clementine,184,D:\BaiduNetdiskDownload\fire\Clementine_VisibleBatch250\images\0184.png,D:\BaiduNetdiskDownload\fire\Clementine_IRBatch250\images\0184.png,0.148033,-0.401108,-0.233769,-0.873241,lowres,lowres,subset_4
Clementine,185,D:\BaiduNetdiskDownload\fire\Clementine_VisibleBatch250\images\0185.png,D:\BaiduNetdiskDownload\fire\Clementine_IRBatch250\images\0185.png,0.14617,-0.401713,-0.232883,-0.873514,lowres,lowres,subset_4
Clementine,187,D:\BaiduNetdiskDownload\fire\Clementine_VisibleBatch250\images\0187.png,D:\BaiduNetdiskDownload\fire\Clementine_IRBatch250\images\0187.png,0.142355,-0.402677,-0.231141,-0.874162,lowres,lowres,subset_4
Clementine,189,D:\BaiduNetdiskDownload\fire\Clementine_VisibleBatch250\images\0189.png,D:\BaiduNetdiskDownload\fire\Clementine_IRBatch250\images\0189.png,0.13857,-0.403676,-0.229395,-0.874769,lowres,lowres,subset_4
Clementine,191,D:\BaiduNetdiskDownload\fire\Clementine_VisibleBatch250\images\0191.png,D:\BaiduNetdiskDownload\fire\Clementine_IRBatch250\images\0191.png,0.134775,-0.404576,-0.227669,-0.875397,lowres,lowres,subset_4
Clementine,194,D:\BaiduNetdiskDownload\fire\Clementine_VisibleBatch250\images\0194.png,D:\BaiduNetdiskDownload\fire\Clementine_IRBatch250\images\0194.png,0.129197,-0.406038,-0.225082,-0.87623,lowres,lowres,subset_4
Clementine,196,D:\BaiduNetdiskDownload\fire\Clementine_VisibleBatch250\images\0196.png,D:\BaiduNetdiskDownload\fire\Clementine_IRBatch250\images\0196.png,0.125533,-0.406989,-0.223379,-0.876757,lowres,lowres,subset_4
Clementine,197,D:\BaiduNetdiskDownload\fire\Clementine_VisibleBatch250\images\0197.png,D:\BaiduNetdiskDownload\fire\Clementine_IRBatch250\images\0197.png,0.123708,-0.407422,-0.222541,-0.877028,lowres,lowres,subset_4
Clementine,198,D:\BaiduNetdiskDownload\fire\Clementine_VisibleBatch250\images\0198.png,D:\BaiduNetdiskDownload\fire\Clementine_IRBatch250\images\0198.png,0.121933,-0.40794,-0.221695,-0.877251,lowres,lowres,subset_4
Clementine,199,D:\BaiduNetdiskDownload\fire\Clementine_VisibleBatch250\images\0199.png,D:\BaiduNetdiskDownload\fire\Clementine_IRBatch250\images\0199.png,0.12013,-0.40834,-0.220874,-0.87752,lowres,lowres,subset_4
Clementine,201,D:\BaiduNetdiskDownload\fire\Clementine_VisibleBatch250\images\0201.png,D:\BaiduNetdiskDownload\fire\Clementine_IRBatch250\images\0201.png,0.116608,-0.409201,-0.219242,-0.878003,normal_ref,normal_ref,subset_5
Clementine,202,D:\BaiduNetdiskDownload\fire\Clementine_VisibleBatch250\images\0202.png,D:\BaiduNetdiskDownload\fire\Clementine_IRBatch250\images\0202.png,0.114902,-0.409689,-0.218426,-0.878204,normal_ref,normal_ref,subset_5
Clementine,203,D:\BaiduNetdiskDownload\fire\Clementine_VisibleBatch250\images\0203.png,D:\BaiduNetdiskDownload\fire\Clementine_IRBatch250\images\0203.png,0.113175,-0.410065,-0.217637,-0.878448,normal_ref,normal_ref,subset_5
Clementine,206,D:\BaiduNetdiskDownload\fire\Clementine_VisibleBatch250\images\0206.png,D:\BaiduNetdiskDownload\fire\Clementine_IRBatch250\images\0206.png,0.108172,-0.411267,-0.21531,-0.879091,normal_ref,normal_ref,subset_5
Clementine,207,D:\BaiduNetdiskDownload\fire\Clementine_VisibleBatch250\images\0207.png,D:\BaiduNetdiskDownload\fire\Clementine_IRBatch250\images\0207.png,0.106544,-0.411633,-0.214559,-0.879301,normal_ref,normal_ref,subset_5
Clementine,209,D:\BaiduNetdiskDownload\fire\Clementine_VisibleBatch250\images\0209.png,D:\BaiduNetdiskDownload\fire\Clementine_IRBatch250\images\0209.png,0.103428,-0.412497,-0.213064,-0.879632,normal_ref,normal_ref,subset_5
Clementine,210,D:\BaiduNetdiskDownload\fire\Clementine_VisibleBatch250\images\0210.png,D:\BaiduNetdiskDownload\fire\Clementine_IRBatch250\images\0210.png,0.101902,-0.412893,-0.212338,-0.8798,normal_ref,normal_ref,subset_5
Clementine,211,D:\BaiduNetdiskDownload\fire\Clementine_VisibleBatch250\images\0211.png,D:\BaiduNetdiskDownload\fire\Clementine_IRBatch250\images\0211.png,0.10038,-0.413223,-0.211637,-0.879989,normal_ref,normal_ref,subset_5
Clementine,212,D:\BaiduNetdiskDownload\fire\Clementine_VisibleBatch250\images\0212.png,D:\BaiduNetdiskDownload\fire\Clementine_IRBatch250\images\0212.png,0.098905,-0.413586,-0.210941,-0.880153,normal_ref,normal_ref,subset_5
Clementine,217,D:\BaiduNetdiskDownload\fire\Clementine_VisibleBatch250\images\0217.png,D:\BaiduNetdiskDownload\fire\Clementine_IRBatch250\images\0217.png,0.091992,-0.415253,-0.207679,-0.880893,normal_ref,normal_ref,subset_5
Clementine,218,D:\BaiduNetdiskDownload\fire\Clementine_VisibleBatch250\images\0218.png,D:\BaiduNetdiskDownload\fire\Clementine_IRBatch250\images\0218.png,0.090671,-0.415465,-0.207092,-0.881068,normal_ref,normal_ref,subset_5
Clementine,219,D:\BaiduNetdiskDownload\fire\Clementine_VisibleBatch250\images\0219.png,D:\BaiduNetdiskDownload\fire\Clementine_IRBatch250\images\0219.png,0.089445,-0.415812,-0.206491,-0.88117,normal_ref,normal_ref,subset_5
Clementine,220,D:\BaiduNetdiskDownload\fire\Clementine_VisibleBatch250\images\0220.png,D:\BaiduNetdiskDownload\fire\Clementine_IRBatch250\images\0220.png,0.088215,-0.416056,-0.205927,-0.881311,normal_ref,normal_ref,subset_5
Clementine,221,D:\BaiduNetdiskDownload\fire\Clementine_VisibleBatch250\images\0221.png,D:\BaiduNetdiskDownload\fire\Clementine_IRBatch250\images\0221.png,0.087073,-0.416414,-0.205354,-0.881389,normal_ref,normal_ref,subset_5
Clementine,225,D:\BaiduNetdiskDownload\fire\Clementine_VisibleBatch250\images\0225.png,D:\BaiduNetdiskDownload\fire\Clementine_IRBatch250\images\0225.png,0.08273,-0.417371,-0.203318,-0.881827,normal_ref,normal_ref,subset_5
Clementine,230,D:\BaiduNetdiskDownload\fire\Clementine_VisibleBatch250\images\0230.png,D:\BaiduNetdiskDownload\fire\Clementine_IRBatch250\images\0230.png,0.078204,-0.418348,-0.201195,-0.882264,normal_ref,normal_ref,subset_5
Clementine,231,D:\BaiduNetdiskDownload\fire\Clementine_VisibleBatch250\images\0231.png,D:\BaiduNetdiskDownload\fire\Clementine_IRBatch250\images\0231.png,0.077433,-0.418534,-0.200826,-0.882328,normal_ref,normal_ref,subset_5
Clementine,233,D:\BaiduNetdiskDownload\fire\Clementine_VisibleBatch250\images\0233.png,D:\BaiduNetdiskDownload\fire\Clementine_IRBatch250\images\0233.png,0.076049,-0.418943,-0.200133,-0.882412,normal_ref,normal_ref,subset_5
Clementine,234,D:\BaiduNetdiskDownload\fire\Clementine_VisibleBatch250\images\0234.png,D:\BaiduNetdiskDownload\fire\Clementine_IRBatch250\images\0234.png,0.075376,-0.419019,-0.199842,-0.882499,normal_ref,normal_ref,subset_5
Clementine,235,D:\BaiduNetdiskDownload\fire\Clementine_VisibleBatch250\images\0235.png,D:\BaiduNetdiskDownload\fire\Clementine_IRBatch250\images\0235.png,0.074792,-0.419195,-0.199548,-0.882532,normal_ref,normal_ref,subset_5
Clementine,237,D:\BaiduNetdiskDownload\fire\Clementine_VisibleBatch250\images\0237.png,D:\BaiduNetdiskDownload\fire\Clementine_IRBatch250\images\0237.png,0.073756,-0.419505,-0.199027,-0.882589,normal_ref,normal_ref,subset_5
Clementine,238,D:\BaiduNetdiskDownload\fire\Clementine_VisibleBatch250\images\0238.png,D:\BaiduNetdiskDownload\fire\Clementine_IRBatch250\images\0238.png,0.073284,-0.419592,-0.19881,-0.882636,normal_ref,normal_ref,subset_5
Clementine,239,D:\BaiduNetdiskDownload\fire\Clementine_VisibleBatch250\images\0239.png,D:\BaiduNetdiskDownload\fire\Clementine_IRBatch250\images\0239.png,0.072874,-0.419709,-0.198606,-0.882661,normal_ref,normal_ref,subset_5
Clementine,240,D:\BaiduNetdiskDownload\fire\Clementine_VisibleBatch250\images\0240.png,D:\BaiduNetdiskDownload\fire\Clementine_IRBatch250\images\0240.png,0.072446,-0.419661,-0.198457,-0.882752,normal_ref,normal_ref,subset_5
Clementine,241,D:\BaiduNetdiskDownload\fire\Clementine_VisibleBatch250\images\0241.png,D:\BaiduNetdiskDownload\fire\Clementine_IRBatch250\images\0241.png,0.071901,-0.419181,-0.198437,-0.883029,normal_ref,normal_ref,subset_5
Clementine,243,D:\BaiduNetdiskDownload\fire\Clementine_VisibleBatch250\images\0243.png,D:\BaiduNetdiskDownload\fire\Clementine_IRBatch250\images\0243.png,0.069741,-0.415175,-0.199174,-0.884927,normal_ref,normal_ref,subset_5
Clementine,245,D:\BaiduNetdiskDownload\fire\Clementine_VisibleBatch250\images\0245.png,D:\BaiduNetdiskDownload\fire\Clementine_IRBatch250\images\0245.png,0.066079,-0.407077,-0.200883,-0.888576,normal_ref,normal_ref,subset_5
Clementine,246,D:\BaiduNetdiskDownload\fire\Clementine_VisibleBatch250\images\0246.png,D:\BaiduNetdiskDownload\fire\Clementine_IRBatch250\images\0246.png,0.063643,-0.401432,-0.20209,-0.891045,normal_ref,normal_ref,subset_5
Clementine,247,D:\BaiduNetdiskDownload\fire\Clementine_VisibleBatch250\images\0247.png,D:\BaiduNetdiskDownload\fire\Clementine_IRBatch250\images\0247.png,0.06075,-0.394605,-0.203542,-0.893961,normal_ref,normal_ref,subset_5
Clementine,249,D:\BaiduNetdiskDownload\fire\Clementine_VisibleBatch250\images\0249.png,D:\BaiduNetdiskDownload\fire\Clementine_IRBatch250\images\0249.png,0.053783,-0.377886,-0.207032,-0.900804,normal_ref,normal_ref,subset_5
CubeSat - 1 RU Generic,1,D:\BaiduNetdiskDownload\fire\CubeSat - 1 RU Generic_VisibleBatch250\images\0001.png,D:\BaiduNetdiskDownload\fire\CubeSat - 1 RU Generic_IRBatch250\images\0001.png,0.806103,0.328766,-0.327928,0.366843,lowlight,lowcontrast,subset_1
CubeSat - 1 RU Generic,2,D:\BaiduNetdiskDownload\fire\CubeSat - 1 RU Generic_VisibleBatch250\images\0002.png,D:\BaiduNetdiskDownload\fire\CubeSat - 1 RU Generic_IRBatch250\images\0002.png,0.806554,0.328392,-0.328213,0.36593,lowlight,lowcontrast,subset_1
CubeSat - 1 RU Generic,3,D:\BaiduNetdiskDownload\fire\CubeSat - 1 RU Generic_VisibleBatch250\images\0003.png,D:\BaiduNetdiskDownload\fire\CubeSat - 1 RU Generic_IRBatch250\images\0003.png,0.807027,0.32798,-0.328589,0.36492,lowlight,lowcontrast,subset_1
CubeSat - 1 RU Generic,4,D:\BaiduNetdiskDownload\fire\CubeSat - 1 RU Generic_VisibleBatch250\images\0004.png,D:\BaiduNetdiskDownload\fire\CubeSat - 1 RU Generic_IRBatch250\images\0004.png,0.807472,0.32754,-0.329138,0.363833,lowlight,lowcontrast,subset_1
CubeSat - 1 RU Generic,5,D:\BaiduNetdiskDownload\fire\CubeSat - 1 RU Generic_VisibleBatch250\images\0005.png,D:\BaiduNetdiskDownload\fire\CubeSat - 1 RU Generic_IRBatch250\images\0005.png,0.808098,0.327026,-0.329493,0.362581,lowlight,lowcontrast,subset_1
CubeSat - 1 RU Generic,9,D:\BaiduNetdiskDownload\fire\CubeSat - 1 RU Generic_VisibleBatch250\images\0009.png,D:\BaiduNetdiskDownload\fire\CubeSat - 1 RU Generic_IRBatch250\images\0009.png,0.810703,0.324602,-0.331962,0.356645,lowlight,lowcontrast,subset_1
CubeSat - 1 RU Generic,10,D:\BaiduNetdiskDownload\fire\CubeSat - 1 RU Generic_VisibleBatch250\images\0010.png,D:\BaiduNetdiskDownload\fire\CubeSat - 1 RU Generic_IRBatch250\images\0010.png,0.81148,0.32388,-0.332656,0.354883,lowlight,lowcontrast,subset_1
CubeSat - 1 RU Generic,14,D:\BaiduNetdiskDownload\fire\CubeSat - 1 RU Generic_VisibleBatch250\images\0014.png,D:\BaiduNetdiskDownload\fire\CubeSat - 1 RU Generic_IRBatch250\images\0014.png,0.814964,0.320542,-0.335921,0.346761,lowlight,lowcontrast,subset_1
CubeSat - 1 RU Generic,15,D:\BaiduNetdiskDownload\fire\CubeSat - 1 RU Generic_VisibleBatch250\images\0015.png,D:\BaiduNetdiskDownload\fire\CubeSat - 1 RU Generic_IRBatch250\images\0015.png,0.815978,0.319584,-0.336762,0.344437,lowlight,lowcontrast,subset_1
CubeSat - 1 RU Generic,16,D:\BaiduNetdiskDownload\fire\CubeSat - 1 RU Generic_VisibleBatch250\images\0016.png,D:\BaiduNetdiskDownload\fire\CubeSat - 1 RU Generic_IRBatch250\images\0016.png,0.816957,0.318591,-0.337775,0.342037,lowlight,lowcontrast,subset_1
CubeSat - 1 RU Generic,17,D:\BaiduNetdiskDownload\fire\CubeSat - 1 RU Generic_VisibleBatch250\images\0017.png,D:\BaiduNetdiskDownload\fire\CubeSat - 1 RU Generic_IRBatch250\images\0017.png,0.818022,0.317543,-0.338739,0.339503,lowlight,lowcontrast,subset_1
CubeSat - 1 RU Generic,18,D:\BaiduNetdiskDownload\fire\CubeSat - 1 RU Generic_VisibleBatch250\images\0018.png,D:\BaiduNetdiskDownload\fire\CubeSat - 1 RU Generic_IRBatch250\images\0018.png,0.819113,0.316449,-0.33976,0.336863,lowlight,lowcontrast,subset_1
CubeSat - 1 RU Generic,22,D:\BaiduNetdiskDownload\fire\CubeSat - 1 RU Generic_VisibleBatch250\images\0022.png,D:\BaiduNetdiskDownload\fire\CubeSat - 1 RU Generic_IRBatch250\images\0022.png,0.823827,0.311589,-0.344202,0.325187,lowlight,lowcontrast,subset_1
CubeSat - 1 RU Generic,26,D:\BaiduNetdiskDownload\fire\CubeSat - 1 RU Generic_VisibleBatch250\images\0026.png,D:\BaiduNetdiskDownload\fire\CubeSat - 1 RU Generic_IRBatch250\images\0026.png,0.828967,0.305949,-0.34931,0.311755,lowlight,lowcontrast,subset_1
CubeSat - 1 RU Generic,28,D:\BaiduNetdiskDownload\fire\CubeSat - 1 RU Generic_VisibleBatch250\images\0028.png,D:\BaiduNetdiskDownload\fire\CubeSat - 1 RU Generic_IRBatch250\images\0028.png,0.831761,0.302822,-0.351926,0.304336,lowlight,lowcontrast,subset_1
CubeSat - 1 RU Generic,29,D:\BaiduNetdiskDownload\fire\CubeSat - 1 RU Generic_VisibleBatch250\images\0029.png,D:\BaiduNetdiskDownload\fire\CubeSat - 1 RU Generic_IRBatch250\images\0029.png,0.833174,0.301186,-0.353307,0.30047,lowlight,lowcontrast,subset_1
CubeSat - 1 RU Generic,31,D:\BaiduNetdiskDownload\fire\CubeSat - 1 RU Generic_VisibleBatch250\images\0031.png,D:\BaiduNetdiskDownload\fire\CubeSat - 1 RU Generic_IRBatch250\images\0031.png,0.835989,0.297768,-0.356277,0.292444,lowlight,lowcontrast,subset_1
CubeSat - 1 RU Generic,32,D:\BaiduNetdiskDownload\fire\CubeSat - 1 RU Generic_VisibleBatch250\images\0032.png,D:\BaiduNetdiskDownload\fire\CubeSat - 1 RU Generic_IRBatch250\images\0032.png,0.837448,0.295982,-0.35775,0.288255,lowlight,lowcontrast,subset_1
CubeSat - 1 RU Generic,33,D:\BaiduNetdiskDownload\fire\CubeSat - 1 RU Generic_VisibleBatch250\images\0033.png,D:\BaiduNetdiskDownload\fire\CubeSat - 1 RU Generic_IRBatch250\images\0033.png,0.838884,0.294148,-0.359314,0.283978,lowlight,lowcontrast,subset_1
CubeSat - 1 RU Generic,35,D:\BaiduNetdiskDownload\fire\CubeSat - 1 RU Generic_VisibleBatch250\images\0035.png,D:\BaiduNetdiskDownload\fire\CubeSat - 1 RU Generic_IRBatch250\images\0035.png,0.841887,0.290326,-0.362327,0.275058,lowlight,lowcontrast,subset_1
CubeSat - 1 RU Generic,37,D:\BaiduNetdiskDownload\fire\CubeSat - 1 RU Generic_VisibleBatch250\images\0037.png,D:\BaiduNetdiskDownload\fire\CubeSat - 1 RU Generic_IRBatch250\images\0037.png,0.844896,0.286311,-0.365458,0.265739,lowlight,lowcontrast,subset_1
CubeSat - 1 RU Generic,39,D:\BaiduNetdiskDownload\fire\CubeSat - 1 RU Generic_VisibleBatch250\images\0039.png,D:\BaiduNetdiskDownload\fire\CubeSat - 1 RU Generic_IRBatch250\images\0039.png,0.84787,0.282106,-0.368741,0.256053,lowlight,lowcontrast,subset_1
CubeSat - 1 RU Generic,40,D:\BaiduNetdiskDownload\fire\CubeSat - 1 RU Generic_VisibleBatch250\images\0040.png,D:\BaiduNetdiskDownload\fire\CubeSat - 1 RU Generic_IRBatch250\images\0040.png,0.849311,0.279933,-0.370487,0.251095,lowlight,lowcontrast,subset_1
CubeSat - 1 RU Generic,41,D:\BaiduNetdiskDownload\fire\CubeSat - 1 RU Generic_VisibleBatch250\images\0041.png,D:\BaiduNetdiskDownload\fire\CubeSat - 1 RU Generic_IRBatch250\images\0041.png,0.850819,0.277715,-0.372108,0.246002,lowlight,lowcontrast,subset_1
CubeSat - 1 RU Generic,42,D:\BaiduNetdiskDownload\fire\CubeSat - 1 RU Generic_VisibleBatch250\images\0042.png,D:\BaiduNetdiskDownload\fire\CubeSat - 1 RU Generic_IRBatch250\images\0042.png,0.852331,0.275454,-0.373718,0.240815,lowlight,lowcontrast,subset_1
CubeSat - 1 RU Generic,45,D:\BaiduNetdiskDownload\fire\CubeSat - 1 RU Generic_VisibleBatch250\images\0045.png,D:\BaiduNetdiskDownload\fire\CubeSat - 1 RU Generic_IRBatch250\images\0045.png,0.856715,0.268415,-0.378754,0.224807,lowlight,lowcontrast,subset_1
CubeSat - 1 RU Generic,46,D:\BaiduNetdiskDownload\fire\CubeSat - 1 RU Generic_VisibleBatch250\images\0046.png,D:\BaiduNetdiskDownload\fire\CubeSat - 1 RU Generic_IRBatch250\images\0046.png,0.858101,0.265984,-0.380528,0.219347,lowlight,lowcontrast,subset_1
CubeSat - 1 RU Generic,47,D:\BaiduNetdiskDownload\fire\CubeSat - 1 RU Generic_VisibleBatch250\images\0047.png,D:\BaiduNetdiskDownload\fire\CubeSat - 1 RU Generic_IRBatch250\images\0047.png,0.859476,0.263517,-0.382288,0.213812,lowlight,lowcontrast,subset_1
CubeSat - 1 RU Generic,48,D:\BaiduNetdiskDownload\fire\CubeSat - 1 RU Generic_VisibleBatch250\images\0048.png,D:\BaiduNetdiskDownload\fire\CubeSat - 1 RU Generic_IRBatch250\images\0048.png,0.860898,0.26102,-0.383915,0.208166,lowlight,lowcontrast,subset_1
CubeSat - 1 RU Generic,50,D:\BaiduNetdiskDownload\fire\CubeSat - 1 RU Generic_VisibleBatch250\images\0050.png,D:\BaiduNetdiskDownload\fire\CubeSat - 1 RU Generic_IRBatch250\images\0050.png,0.863534,0.255909,-0.387422,0.196784,lowlight,lowcontrast,subset_1
CubeSat - 1 RU Generic,51,D:\BaiduNetdiskDownload\fire\CubeSat - 1 RU Generic_VisibleBatch250\images\0051.png,D:\BaiduNetdiskDownload\fire\CubeSat - 1 RU Generic_IRBatch250\images\0051.png,0.864826,0.253309,-0.389139,0.191004,backlit,hotspot,subset_2
CubeSat - 1 RU Generic,58,D:\BaiduNetdiskDownload\fire\CubeSat - 1 RU Generic_VisibleBatch250\images\0058.png,D:\BaiduNetdiskDownload\fire\CubeSat - 1 RU Generic_IRBatch250\images\0058.png,0.87293,0.234435,-0.400846,0.149522,backlit,hotspot,subset_2
CubeSat - 1 RU Generic,60,D:\BaiduNetdiskDownload\fire\CubeSat - 1 RU Generic_VisibleBatch250\images\0060.png,D:\BaiduNetdiskDownload\fire\CubeSat - 1 RU Generic_IRBatch250\images\0060.png,0.874917,0.228906,-0.404002,0.137494,backlit,hotspot,subset_2
CubeSat - 1 RU Generic,61,D:\BaiduNetdiskDownload\fire\CubeSat - 1 RU Generic_VisibleBatch250\images\0061.png,D:\BaiduNetdiskDownload\fire\CubeSat - 1 RU Generic_IRBatch250\images\0061.png,0.875845,0.22613,-0.405552,0.131483,backlit,hotspot,subset_2
CubeSat - 1 RU Generic,62,D:\BaiduNetdiskDownload\fire\CubeSat - 1 RU Generic_VisibleBatch250\images\0062.png,D:\BaiduNetdiskDownload\fire\CubeSat - 1 RU Generic_IRBatch250\images\0062.png,0.876733,0.223352,-0.407073,0.125479,backlit,hotspot,subset_2
CubeSat - 1 RU Generic,63,D:\BaiduNetdiskDownload\fire\CubeSat - 1 RU Generic_VisibleBatch250\images\0063.png,D:\BaiduNetdiskDownload\fire\CubeSat - 1 RU Generic_IRBatch250\images\0063.png,0.877575,0.220573,-0.408573,0.11949,backlit,hotspot,subset_2
CubeSat - 1 RU Generic,66,D:\BaiduNetdiskDownload\fire\CubeSat - 1 RU Generic_VisibleBatch250\images\0066.png,D:\BaiduNetdiskDownload\fire\CubeSat - 1 RU Generic_IRBatch250\images\0066.png,0.879827,0.212254,-0.412933,0.101675,backlit,hotspot,subset_2
CubeSat - 1 RU Generic,67,D:\BaiduNetdiskDownload\fire\CubeSat - 1 RU Generic_VisibleBatch250\images\0067.png,D:\BaiduNetdiskDownload\fire\CubeSat - 1 RU Generic_IRBatch250\images\0067.png,0.880482,0.209494,-0.414348,0.09581,backlit,hotspot,subset_2
CubeSat - 1 RU Generic,69,D:\BaiduNetdiskDownload\fire\CubeSat - 1 RU Generic_VisibleBatch250\images\0069.png,D:\BaiduNetdiskDownload\fire\CubeSat - 1 RU Generic_IRBatch250\images\0069.png,0.881671,0.20402,-0.417064,0.084201,backlit,hotspot,subset_2
CubeSat - 1 RU Generic,70,D:\BaiduNetdiskDownload\fire\CubeSat - 1 RU Generic_VisibleBatch250\images\0070.png,D:\BaiduNetdiskDownload\fire\CubeSat - 1 RU Generic_IRBatch250\images\0070.png,0.882172,0.201295,-0.418439,0.078499,backlit,hotspot,subset_2
CubeSat - 1 RU Generic,72,D:\BaiduNetdiskDownload\fire\CubeSat - 1 RU Generic_VisibleBatch250\images\0072.png,D:\BaiduNetdiskDownload\fire\CubeSat - 1 RU Generic_IRBatch250\images\0072.png,0.883157,0.195958,-0.420859,0.06717,backlit,hotspot,subset_2
CubeSat - 1 RU Generic,73,D:\BaiduNetdiskDownload\fire\CubeSat - 1 RU Generic_VisibleBatch250\images\0073.png,D:\BaiduNetdiskDownload\fire\CubeSat - 1 RU Generic_IRBatch250\images\0073.png,0.883544,0.193305,-0.422117,0.061643,backlit,hotspot,subset_2
CubeSat - 1 RU Generic,75,D:\BaiduNetdiskDownload\fire\CubeSat - 1 RU Generic_VisibleBatch250\images\0075.png,D:\BaiduNetdiskDownload\fire\CubeSat - 1 RU Generic_IRBatch250\images\0075.png,0.884242,0.188103,-0.424449,0.050767,backlit,hotspot,subset_2
CubeSat - 1 RU Generic,78,D:\BaiduNetdiskDownload\fire\CubeSat - 1 RU Generic_VisibleBatch250\images\0078.png,D:\BaiduNetdiskDownload\fire\CubeSat - 1 RU Generic_IRBatch250\images\0078.png,0.884982,0.180524,-0.42777,0.035078,backlit,hotspot,subset_2
CubeSat - 1 RU Generic,80,D:\BaiduNetdiskDownload\fire\CubeSat - 1 RU Generic_VisibleBatch250\images\0080.png,D:\BaiduNetdiskDownload\fire\CubeSat - 1 RU Generic_IRBatch250\images\0080.png,0.885312,0.175657,-0.429813,0.025051,backlit,hotspot,subset_2
CubeSat - 1 RU Generic,81,D:\BaiduNetdiskDownload\fire\CubeSat - 1 RU Generic_VisibleBatch250\images\0081.png,D:\BaiduNetdiskDownload\fire\CubeSat - 1 RU Generic_IRBatch250\images\0081.png,0.885438,0.173287,-0.430772,0.02017,backlit,hotspot,subset_2
CubeSat - 1 RU Generic,82,D:\BaiduNetdiskDownload\fire\CubeSat - 1 RU Generic_VisibleBatch250\images\0082.png,D:\BaiduNetdiskDownload\fire\CubeSat - 1 RU Generic_IRBatch250\images\0082.png,0.885526,0.170955,-0.431718,0.015396,backlit,hotspot,subset_2
CubeSat - 1 RU Generic,83,D:\BaiduNetdiskDownload\fire\CubeSat - 1 RU Generic_VisibleBatch250\images\0083.png,D:\BaiduNetdiskDownload\fire\CubeSat - 1 RU Generic_IRBatch250\images\0083.png,0.885597,0.168672,-0.432612,0.010711,backlit,hotspot,subset_2
CubeSat - 1 RU Generic,84,D:\BaiduNetdiskDownload\fire\CubeSat - 1 RU Generic_VisibleBatch250\images\0084.png,D:\BaiduNetdiskDownload\fire\CubeSat - 1 RU Generic_IRBatch250\images\0084.png,0.88564,0.166432,-0.43348,0.00613,backlit,hotspot,subset_2
CubeSat - 1 RU Generic,85,D:\BaiduNetdiskDownload\fire\CubeSat - 1 RU Generic_VisibleBatch250\images\0085.png,D:\BaiduNetdiskDownload\fire\CubeSat - 1 RU Generic_IRBatch250\images\0085.png,0.885679,0.164253,-0.434271,0.001631,backlit,hotspot,subset_2
CubeSat - 1 RU Generic,86,D:\BaiduNetdiskDownload\fire\CubeSat - 1 RU Generic_VisibleBatch250\images\0086.png,D:\BaiduNetdiskDownload\fire\CubeSat - 1 RU Generic_IRBatch250\images\0086.png,0.885658,0.162095,-0.435119,-0.002721,backlit,hotspot,subset_2
CubeSat - 1 RU Generic,87,D:\BaiduNetdiskDownload\fire\CubeSat - 1 RU Generic_VisibleBatch250\images\0087.png,D:\BaiduNetdiskDownload\fire\CubeSat - 1 RU Generic_IRBatch250\images\0087.png,0.885656,0.160015,-0.435843,-0.007011,backlit,hotspot,subset_2
CubeSat - 1 RU Generic,90,D:\BaiduNetdiskDownload\fire\CubeSat - 1 RU Generic_VisibleBatch250\images\0090.png,D:\BaiduNetdiskDownload\fire\CubeSat - 1 RU Generic_IRBatch250\images\0090.png,0.885477,0.154026,-0.437995,-0.019151,backlit,hotspot,subset_2
CubeSat - 1 RU Generic,91,D:\BaiduNetdiskDownload\fire\CubeSat - 1 RU Generic_VisibleBatch250\images\0091.png,D:\BaiduNetdiskDownload\fire\CubeSat - 1 RU Generic_IRBatch250\images\0091.png,0.885391,0.152137,-0.438644,-0.02298,backlit,hotspot,subset_2
CubeSat - 1 RU Generic,92,D:\BaiduNetdiskDownload\fire\CubeSat - 1 RU Generic_VisibleBatch250\images\0092.png,D:\BaiduNetdiskDownload\fire\CubeSat - 1 RU Generic_IRBatch250\images\0092.png,0.885269,0.150283,-0.439321,-0.02667,backlit,hotspot,subset_2
CubeSat - 1 RU Generic,93,D:\BaiduNetdiskDownload\fire\CubeSat - 1 RU Generic_VisibleBatch250\images\0093.png,D:\BaiduNetdiskDownload\fire\CubeSat - 1 RU Generic_IRBatch250\images\0093.png,0.88515,0.148494,-0.439934,-0.030263,backlit,hotspot,subset_2
CubeSat - 1 RU Generic,97,D:\BaiduNetdiskDownload\fire\CubeSat - 1 RU Generic_VisibleBatch250\images\0097.png,D:\BaiduNetdiskDownload\fire\CubeSat - 1 RU Generic_IRBatch250\images\0097.png,0.88462,0.141914,-0.442055,-0.043527,backlit,hotspot,subset_2
CubeSat - 1 RU Generic,98,D:\BaiduNetdiskDownload\fire\CubeSat - 1 RU Generic_VisibleBatch250\images\0098.png,D:\BaiduNetdiskDownload\fire\CubeSat - 1 RU Generic_IRBatch250\images\0098.png,0.884436,0.140378,-0.442609,-0.046511,backlit,hotspot,subset_2
CubeSat - 1 RU Generic,99,D:\BaiduNetdiskDownload\fire\CubeSat - 1 RU Generic_VisibleBatch250\images\0099.png,D:\BaiduNetdiskDownload\fire\CubeSat - 1 RU Generic_IRBatch250\images\0099.png,0.884284,0.13893,-0.443055,-0.049421,backlit,hotspot,subset_2
CubeSat - 1 RU Generic,100,D:\BaiduNetdiskDownload\fire\CubeSat - 1 RU Generic_VisibleBatch250\images\0100.png,D:\BaiduNetdiskDownload\fire\CubeSat - 1 RU Generic_IRBatch250\images\0100.png,0.88411,0.137521,-0.443523,-0.052191,backlit,hotspot,subset_2
CubeSat - 1 RU Generic,101,D:\BaiduNetdiskDownload\fire\CubeSat - 1 RU Generic_VisibleBatch250\images\0101.png,D:\BaiduNetdiskDownload\fire\CubeSat - 1 RU Generic_IRBatch250\images\0101.png,0.883986,0.136215,-0.443846,-0.054907,overexpose,lowsnr,subset_3
CubeSat - 1 RU Generic,105,D:\BaiduNetdiskDownload\fire\CubeSat - 1 RU Generic_VisibleBatch250\images\0105.png,D:\BaiduNetdiskDownload\fire\CubeSat - 1 RU Generic_IRBatch250\images\0105.png,0.883338,0.131427,-0.4453,-0.06441,overexpose,lowsnr,subset_3
CubeSat - 1 RU Generic,107,D:\BaiduNetdiskDownload\fire\CubeSat - 1 RU Generic_VisibleBatch250\images\0107.png,D:\BaiduNetdiskDownload\fire\CubeSat - 1 RU Generic_IRBatch250\images\0107.png,0.883031,0.129381,-0.445903,-0.06846,overexpose,lowsnr,subset_3
CubeSat - 1 RU Generic,108,D:\BaiduNetdiskDownload\fire\CubeSat - 1 RU Generic_VisibleBatch250\images\0108.png,D:\BaiduNetdiskDownload\fire\CubeSat - 1 RU Generic_IRBatch250\images\0108.png,0.882879,0.128439,-0.44619,-0.070302,overexpose,lowsnr,subset_3
CubeSat - 1 RU Generic,109,D:\BaiduNetdiskDownload\fire\CubeSat - 1 RU Generic_VisibleBatch250\images\0109.png,D:\BaiduNetdiskDownload\fire\CubeSat - 1 RU Generic_IRBatch250\images\0109.png,0.882735,0.12756,-0.446451,-0.072031,overexpose,lowsnr,subset_3
CubeSat - 1 RU Generic,111,D:\BaiduNetdiskDownload\fire\CubeSat - 1 RU Generic_VisibleBatch250\images\0111.png,D:\BaiduNetdiskDownload\fire\CubeSat - 1 RU Generic_IRBatch250\images\0111.png,0.882469,0.125978,-0.446914,-0.075139,overexpose,lowsnr,subset_3
CubeSat - 1 RU Generic,113,D:\BaiduNetdiskDownload\fire\CubeSat - 1 RU Generic_VisibleBatch250\images\0113.png,D:\BaiduNetdiskDownload\fire\CubeSat - 1 RU Generic_IRBatch250\images\0113.png,0.882236,0.124633,-0.447298,-0.077782,overexpose,lowsnr,subset_3
CubeSat - 1 RU Generic,114,D:\BaiduNetdiskDownload\fire\CubeSat - 1 RU Generic_VisibleBatch250\images\0114.png,D:\BaiduNetdiskDownload\fire\CubeSat - 1 RU Generic_IRBatch250\images\0114.png,0.88214,0.124058,-0.447445,-0.078938,overexpose,lowsnr,subset_3
CubeSat - 1 RU Generic,115,D:\BaiduNetdiskDownload\fire\CubeSat - 1 RU Generic_VisibleBatch250\images\0115.png,D:\BaiduNetdiskDownload\fire\CubeSat - 1 RU Generic_IRBatch250\images\0115.png,0.882064,0.123552,-0.447549,-0.07999,overexpose,lowsnr,subset_3
CubeSat - 1 RU Generic,116,D:\BaiduNetdiskDownload\fire\CubeSat - 1 RU Generic_VisibleBatch250\images\0116.png,D:\BaiduNetdiskDownload\fire\CubeSat - 1 RU Generic_IRBatch250\images\0116.png,0.881962,0.12307,-0.447722,-0.080879,overexpose,lowsnr,subset_3
CubeSat - 1 RU Generic,117,D:\BaiduNetdiskDownload\fire\CubeSat - 1 RU Generic_VisibleBatch250\images\0117.png,D:\BaiduNetdiskDownload\fire\CubeSat - 1 RU Generic_IRBatch250\images\0117.png,0.881897,0.122675,-0.447812,-0.081686,overexpose,lowsnr,subset_3
CubeSat - 1 RU Generic,118,D:\BaiduNetdiskDownload\fire\CubeSat - 1 RU Generic_VisibleBatch250\images\0118.png,D:\BaiduNetdiskDownload\fire\CubeSat - 1 RU Generic_IRBatch250\images\0118.png,0.88183,0.122327,-0.447916,-0.082358,overexpose,lowsnr,subset_3
CubeSat - 1 RU Generic,119,D:\BaiduNetdiskDownload\fire\CubeSat - 1 RU Generic_VisibleBatch250\images\0119.png,D:\BaiduNetdiskDownload\fire\CubeSat - 1 RU Generic_IRBatch250\images\0119.png,0.881745,0.122009,-0.448075,-0.082875,overexpose,lowsnr,subset_3
CubeSat - 1 RU Generic,123,D:\BaiduNetdiskDownload\fire\CubeSat - 1 RU Generic_VisibleBatch250\images\0123.png,D:\BaiduNetdiskDownload\fire\CubeSat - 1 RU Generic_IRBatch250\images\0123.png,0.881669,0.121499,-0.448162,-0.083957,overexpose,lowsnr,subset_3
CubeSat - 1 RU Generic,124,D:\BaiduNetdiskDownload\fire\CubeSat - 1 RU Generic_VisibleBatch250\images\0124.png,D:\BaiduNetdiskDownload\fire\CubeSat - 1 RU Generic_IRBatch250\images\0124.png,0.881663,0.121507,-0.448182,-0.083908,overexpose,lowsnr,subset_3
CubeSat - 1 RU Generic,125,D:\BaiduNetdiskDownload\fire\CubeSat - 1 RU Generic_VisibleBatch250\images\0125.png,D:\BaiduNetdiskDownload\fire\CubeSat - 1 RU Generic_IRBatch250\images\0125.png,0.881695,0.121605,-0.448115,-0.083775,overexpose,lowsnr,subset_3
CubeSat - 1 RU Generic,128,D:\BaiduNetdiskDownload\fire\CubeSat - 1 RU Generic_VisibleBatch250\images\0128.png,D:\BaiduNetdiskDownload\fire\CubeSat - 1 RU Generic_IRBatch250\images\0128.png,0.881827,0.122231,-0.447903,-0.082603,overexpose,lowsnr,subset_3
CubeSat - 1 RU Generic,130,D:\BaiduNetdiskDownload\fire\CubeSat - 1 RU Generic_VisibleBatch250\images\0130.png,D:\BaiduNetdiskDownload\fire\CubeSat - 1 RU Generic_IRBatch250\images\0130.png,0.881954,0.122942,-0.447719,-0.081186,overexpose,lowsnr,subset_3
CubeSat - 1 RU Generic,132,D:\BaiduNetdiskDownload\fire\CubeSat - 1 RU Generic_VisibleBatch250\images\0132.png,D:\BaiduNetdiskDownload\fire\CubeSat - 1 RU Generic_IRBatch250\images\0132.png,0.882135,0.123917,-0.447432,-0.079288,overexpose,lowsnr,subset_3
CubeSat - 1 RU Generic,133,D:\BaiduNetdiskDownload\fire\CubeSat - 1 RU Generic_VisibleBatch250\images\0133.png,D:\BaiduNetdiskDownload\fire\CubeSat - 1 RU Generic_IRBatch250\images\0133.png,0.882226,0.124485,-0.447298,-0.078132,overexpose,lowsnr,subset_3
CubeSat - 1 RU Generic,134,D:\BaiduNetdiskDownload\fire\CubeSat - 1 RU Generic_VisibleBatch250\images\0134.png,D:\BaiduNetdiskDownload\fire\CubeSat - 1 RU Generic_IRBatch250\images\0134.png,0.882319,0.125109,-0.447166,-0.076839,overexpose,lowsnr,subset_3
CubeSat - 1 RU Generic,136,D:\BaiduNetdiskDownload\fire\CubeSat - 1 RU Generic_VisibleBatch250\images\0136.png,D:\BaiduNetdiskDownload\fire\CubeSat - 1 RU Generic_IRBatch250\images\0136.png,0.882584,0.126602,-0.44671,-0.073938,overexpose,lowsnr,subset_3
CubeSat - 1 RU Generic,137,D:\BaiduNetdiskDownload\fire\CubeSat - 1 RU Generic_VisibleBatch250\images\0137.png,D:\BaiduNetdiskDownload\fire\CubeSat - 1 RU Generic_IRBatch250\images\0137.png,0.882723,0.127437,-0.44647,-0.072284,overexpose,lowsnr,subset_3
CubeSat - 1 RU Generic,138,D:\BaiduNetdiskDownload\fire\CubeSat - 1 RU Generic_VisibleBatch250\images\0138.png,D:\BaiduNetdiskDownload\fire\CubeSat - 1 RU Generic_IRBatch250\images\0138.png,0.882853,0.128321,-0.446247,-0.070481,overexpose,lowsnr,subset_3
CubeSat - 1 RU Generic,140,D:\BaiduNetdiskDownload\fire\CubeSat - 1 RU Generic_VisibleBatch250\images\0140.png,D:\BaiduNetdiskDownload\fire\CubeSat - 1 RU Generic_IRBatch250\images\0140.png,0.8832,0.130354,-0.445572,-0.066565,overexpose,lowsnr,subset_3
CubeSat - 1 RU Generic,142,D:\BaiduNetdiskDownload\fire\CubeSat - 1 RU Generic_VisibleBatch250\images\0142.png,D:\BaiduNetdiskDownload\fire\CubeSat - 1 RU Generic_IRBatch250\images\0142.png,0.883495,0.132581,-0.444985,-0.062029,overexpose,lowsnr,subset_3
CubeSat - 1 RU Generic,143,D:\BaiduNetdiskDownload\fire\CubeSat - 1 RU Generic_VisibleBatch250\images\0143.png,D:\BaiduNetdiskDownload\fire\CubeSat - 1 RU Generic_IRBatch250\images\0143.png,0.88369,0.133834,-0.444553,-0.05961,overexpose,lowsnr,subset_3
CubeSat - 1 RU Generic,144,D:\BaiduNetdiskDownload\fire\CubeSat - 1 RU Generic_VisibleBatch250\images\0144.png,D:\BaiduNetdiskDownload\fire\CubeSat - 1 RU Generic_IRBatch250\images\0144.png,0.883851,0.135122,-0.444184,-0.057013,overexpose,lowsnr,subset_3
CubeSat - 1 RU Generic,145,D:\BaiduNetdiskDownload\fire\CubeSat - 1 RU Generic_VisibleBatch250\images\0145.png,D:\BaiduNetdiskDownload\fire\CubeSat - 1 RU Generic_IRBatch250\images\0145.png,0.884026,0.136489,-0.443758,-0.054296,overexpose,lowsnr,subset_3
CubeSat - 1 RU Generic,148,D:\BaiduNetdiskDownload\fire\CubeSat - 1 RU Generic_VisibleBatch250\images\0148.png,D:\BaiduNetdiskDownload\fire\CubeSat - 1 RU Generic_IRBatch250\images\0148.png,0.884545,0.141001,-0.442316,-0.045324,overexpose,lowsnr,subset_3
CubeSat - 1 RU Generic,151,D:\BaiduNetdiskDownload\fire\CubeSat - 1 RU Generic_VisibleBatch250\images\0151.png,D:\BaiduNetdiskDownload\fire\CubeSat - 1 RU Generic_IRBatch250\images\0151.png,0.885008,0.146106,-0.440662,-0.035085,lowres,lowres,subset_4
CubeSat - 1 RU Generic,153,D:\BaiduNetdiskDownload\fire\CubeSat - 1 RU Generic_VisibleBatch250\images\0153.png,D:\BaiduNetdiskDownload\fire\CubeSat - 1 RU Generic_IRBatch250\images\0153.png,0.885282,0.149852,-0.439387,-0.02757,lowres,lowres,subset_4
CubeSat - 1 RU Generic,154,D:\BaiduNetdiskDownload\fire\CubeSat - 1 RU Generic_VisibleBatch250\images\0154.png,D:\BaiduNetdiskDownload\fire\CubeSat - 1 RU Generic_IRBatch250\images\0154.png,0.885392,0.151817,-0.438721,-0.023594,lowres,lowres,subset_4
CubeSat - 1 RU Generic,155,D:\BaiduNetdiskDownload\fire\CubeSat - 1 RU Generic_VisibleBatch250\images\0155.png,D:\BaiduNetdiskDownload\fire\CubeSat - 1 RU Generic_IRBatch250\images\0155.png,0.885495,0.153855,-0.438003,-0.019488,lowres,lowres,subset_4
CubeSat - 1 RU Generic,156,D:\BaiduNetdiskDownload\fire\CubeSat - 1 RU Generic_VisibleBatch250\images\0156.png,D:\BaiduNetdiskDownload\fire\CubeSat - 1 RU Generic_IRBatch250\images\0156.png,0.885552,0.155934,-0.437323,-0.015209,lowres,lowres,subset_4
CubeSat - 1 RU Generic,157,D:\BaiduNetdiskDownload\fire\CubeSat - 1 RU Generic_VisibleBatch250\images\0157.png,D:\BaiduNetdiskDownload\fire\CubeSat - 1 RU Generic_IRBatch250\images\0157.png,0.885633,0.158112,-0.436505,-0.01084,lowres,lowres,subset_4
CubeSat - 1 RU Generic,159,D:\BaiduNetdiskDownload\fire\CubeSat - 1 RU Generic_VisibleBatch250\images\0159.png,D:\BaiduNetdiskDownload\fire\CubeSat - 1 RU Generic_IRBatch250\images\0159.png,0.885712,0.162639,-0.434811,-0.00167,lowres,lowres,subset_4
CubeSat - 1 RU Generic,160,D:\BaiduNetdiskDownload\fire\CubeSat - 1 RU Generic_VisibleBatch250\images\0160.png,D:\BaiduNetdiskDownload\fire\CubeSat - 1 RU Generic_IRBatch250\images\0160.png,0.885689,0.164977,-0.433966,0.003142,lowres,lowres,subset_4
CubeSat - 1 RU Generic,165,D:\BaiduNetdiskDownload\fire\CubeSat - 1 RU Generic_VisibleBatch250\images\0165.png,D:\BaiduNetdiskDownload\fire\CubeSat - 1 RU Generic_IRBatch250\images\0165.png,0.885209,0.177595,-0.428976,0.029059,lowres,lowres,subset_4
CubeSat - 1 RU Generic,167,D:\BaiduNetdiskDownload\fire\CubeSat - 1 RU Generic_VisibleBatch250\images\0167.png,D:\BaiduNetdiskDownload\fire\CubeSat - 1 RU Generic_IRBatch250\images\0167.png,0.884784,0.183024,-0.426659,0.040259,lowres,lowres,subset_4
CubeSat - 1 RU Generic,168,D:\BaiduNetdiskDownload\fire\CubeSat - 1 RU Generic_VisibleBatch250\images\0168.png,D:\BaiduNetdiskDownload\fire\CubeSat - 1 RU Generic_IRBatch250\images\0168.png,0.884506,0.185806,-0.425448,0.046029,lowres,lowres,subset_4
CubeSat - 1 RU Generic,169,D:\BaiduNetdiskDownload\fire\CubeSat - 1 RU Generic_VisibleBatch250\images\0169.png,D:\BaiduNetdiskDownload\fire\CubeSat - 1 RU Generic_IRBatch250\images\0169.png,0.884139,0.188608,-0.424296,0.051948,lowres,lowres,subset_4
CubeSat - 1 RU Generic,171,D:\BaiduNetdiskDownload\fire\CubeSat - 1 RU Generic_VisibleBatch250\images\0171.png,D:\BaiduNetdiskDownload\fire\CubeSat - 1 RU Generic_IRBatch250\images\0171.png,0.883389,0.194398,-0.421594,0.063966,lowres,lowres,subset_4
CubeSat - 1 RU Generic,172,D:\BaiduNetdiskDownload\fire\CubeSat - 1 RU Generic_VisibleBatch250\images\0172.png,D:\BaiduNetdiskDownload\fire\CubeSat - 1 RU Generic_IRBatch250\images\0172.png,0.882904,0.197328,-0.420263,0.070145,lowres,lowres,subset_4
CubeSat - 1 RU Generic,174,D:\BaiduNetdiskDownload\fire\CubeSat - 1 RU Generic_VisibleBatch250\images\0174.png,D:\BaiduNetdiskDownload\fire\CubeSat - 1 RU Generic_IRBatch250\images\0174.png,0.881839,0.203307,-0.417358,0.082698,lowres,lowres,subset_4
CubeSat - 1 RU Generic,176,D:\BaiduNetdiskDownload\fire\CubeSat - 1 RU Generic_VisibleBatch250\images\0176.png,D:\BaiduNetdiskDownload\fire\CubeSat - 1 RU Generic_IRBatch250\images\0176.png,0.880585,0.209393,-0.414249,0.095514,lowres,lowres,subset_4
CubeSat - 1 RU Generic,179,D:\BaiduNetdiskDownload\fire\CubeSat - 1 RU Generic_VisibleBatch250\images\0179.png,D:\BaiduNetdiskDownload\fire\CubeSat - 1 RU Generic_IRBatch250\images\0179.png,0.878148,0.218581,-0.409627,0.115259,lowres,lowres,subset_4
CubeSat - 1 RU Generic,180,D:\BaiduNetdiskDownload\fire\CubeSat - 1 RU Generic_VisibleBatch250\images\0180.png,D:\BaiduNetdiskDownload\fire\CubeSat - 1 RU Generic_IRBatch250\images\0180.png,0.877306,0.221691,-0.407846,0.121851,lowres,lowres,subset_4
CubeSat - 1 RU Generic,182,D:\BaiduNetdiskDownload\fire\CubeSat - 1 RU Generic_VisibleBatch250\images\0182.png,D:\BaiduNetdiskDownload\fire\CubeSat - 1 RU Generic_IRBatch250\images\0182.png,0.875324,0.227864,-0.404481,0.135208,lowres,lowres,subset_4
CubeSat - 1 RU Generic,183,D:\BaiduNetdiskDownload\fire\CubeSat - 1 RU Generic_VisibleBatch250\images\0183.png,D:\BaiduNetdiskDownload\fire\CubeSat - 1 RU Generic_IRBatch250\images\0183.png,0.874218,0.230933,-0.402828,0.141927,lowres,lowres,subset_4
CubeSat - 1 RU Generic,185,D:\BaiduNetdiskDownload\fire\CubeSat - 1 RU Generic_VisibleBatch250\images\0185.png,D:\BaiduNetdiskDownload\fire\CubeSat - 1 RU Generic_IRBatch250\images\0185.png,0.871939,0.237066,-0.399259,0.155286,lowres,lowres,subset_4
CubeSat - 1 RU Generic,187,D:\BaiduNetdiskDownload\fire\CubeSat - 1 RU Generic_VisibleBatch250\images\0187.png,D:\BaiduNetdiskDownload\fire\CubeSat - 1 RU Generic_IRBatch250\images\0187.png,0.869491,0.243135,-0.39555,0.168556,lowres,lowres,subset_4
CubeSat - 1 RU Generic,188,D:\BaiduNetdiskDownload\fire\CubeSat - 1 RU Generic_VisibleBatch250\images\0188.png,D:\BaiduNetdiskDownload\fire\CubeSat - 1 RU Generic_IRBatch250\images\0188.png,0.868276,0.246151,-0.393511,0.17509,lowres,lowres,subset_4
CubeSat - 1 RU Generic,189,D:\BaiduNetdiskDownload\fire\CubeSat - 1 RU Generic_VisibleBatch250\images\0189.png,D:\BaiduNetdiskDownload\fire\CubeSat - 1 RU Generic_IRBatch250\images\0189.png,0.866837,0.249098,-0.391825,0.181707,lowres,lowres,subset_4
CubeSat - 1 RU Generic,191,D:\BaiduNetdiskDownload\fire\CubeSat - 1 RU Generic_VisibleBatch250\images\0191.png,D:\BaiduNetdiskDownload\fire\CubeSat - 1 RU Generic_IRBatch250\images\0191.png,0.864062,0.254941,-0.38797,0.194631,lowres,lowres,subset_4
CubeSat - 1 RU Generic,192,D:\BaiduNetdiskDownload\fire\CubeSat - 1 RU Generic_VisibleBatch250\images\0192.png,D:\BaiduNetdiskDownload\fire\CubeSat - 1 RU Generic_IRBatch250\images\0192.png,0.862591,0.257801,-0.386091,0.201019,lowres,lowres,subset_4
CubeSat - 1 RU Generic,193,D:\BaiduNetdiskDownload\fire\CubeSat - 1 RU Generic_VisibleBatch250\images\0193.png,D:\BaiduNetdiskDownload\fire\CubeSat - 1 RU Generic_IRBatch250\images\0193.png,0.861072,0.260618,-0.384241,0.207345,lowres,lowres,subset_4
CubeSat - 1 RU Generic,195,D:\BaiduNetdiskDownload\fire\CubeSat - 1 RU Generic_VisibleBatch250\images\0195.png,D:\BaiduNetdiskDownload\fire\CubeSat - 1 RU Generic_IRBatch250\images\0195.png,0.858044,0.266131,-0.380353,0.219697,lowres,lowres,subset_4
CubeSat - 1 RU Generic,196,D:\BaiduNetdiskDownload\fire\CubeSat - 1 RU Generic_VisibleBatch250\images\0196.png,D:\BaiduNetdiskDownload\fire\CubeSat - 1 RU Generic_IRBatch250\images\0196.png,0.856439,0.26881,-0.378523,0.225773,lowres,lowres,subset_4
CubeSat - 1 RU Generic,198,D:\BaiduNetdiskDownload\fire\CubeSat - 1 RU Generic_VisibleBatch250\images\0198.png,D:\BaiduNetdiskDownload\fire\CubeSat - 1 RU Generic_IRBatch250\images\0198.png,0.853217,0.274018,-0.374804,0.237606,lowres,lowres,subset_4
CubeSat - 1 RU Generic,201,D:\BaiduNetdiskDownload\fire\CubeSat - 1 RU Generic_VisibleBatch250\images\0201.png,D:\BaiduNetdiskDownload\fire\CubeSat - 1 RU Generic_IRBatch250\images\0201.png,0.848358,0.281421,-0.369208,0.254511,normal_ref,normal_ref,subset_5
CubeSat - 1 RU Generic,204,D:\BaiduNetdiskDownload\fire\CubeSat - 1 RU Generic_VisibleBatch250\images\0204.png,D:\BaiduNetdiskDownload\fire\CubeSat - 1 RU Generic_IRBatch250\images\0204.png,0.84344,0.288297,-0.363858,0.270373,normal_ref,normal_ref,subset_5
CubeSat - 1 RU Generic,205,D:\BaiduNetdiskDownload\fire\CubeSat - 1 RU Generic_VisibleBatch250\images\0205.png,D:\BaiduNetdiskDownload\fire\CubeSat - 1 RU Generic_IRBatch250\images\0205.png,0.841765,0.290468,-0.36221,0.275434,normal_ref,normal_ref,subset_5
CubeSat - 1 RU Generic,206,D:\BaiduNetdiskDownload\fire\CubeSat - 1 RU Generic_VisibleBatch250\images\0206.png,D:\BaiduNetdiskDownload\fire\CubeSat - 1 RU Generic_IRBatch250\images\0206.png,0.840193,0.292575,-0.360415,0.280315,normal_ref,normal_ref,subset_5
CubeSat - 1 RU Generic,209,D:\BaiduNetdiskDownload\fire\CubeSat - 1 RU Generic_VisibleBatch250\images\0209.png,D:\BaiduNetdiskDownload\fire\CubeSat - 1 RU Generic_IRBatch250\images\0209.png,0.835379,0.29853,-0.35557,0.294265,normal_ref,normal_ref,subset_5
CubeSat - 1 RU Generic,212,D:\BaiduNetdiskDownload\fire\CubeSat - 1 RU Generic_VisibleBatch250\images\0212.png,D:\BaiduNetdiskDownload\fire\CubeSat - 1 RU Generic_IRBatch250\images\0212.png,0.830791,0.303922,-0.35097,0.306982,normal_ref,normal_ref,subset_5
CubeSat - 1 RU Generic,213,D:\BaiduNetdiskDownload\fire\CubeSat - 1 RU Generic_VisibleBatch250\images\0213.png,D:\BaiduNetdiskDownload\fire\CubeSat - 1 RU Generic_IRBatch250\images\0213.png,0.829306,0.305597,-0.349528,0.310953,normal_ref,normal_ref,subset_5
CubeSat - 1 RU Generic,214,D:\BaiduNetdiskDownload\fire\CubeSat - 1 RU Generic_VisibleBatch250\images\0214.png,D:\BaiduNetdiskDownload\fire\CubeSat - 1 RU Generic_IRBatch250\images\0214.png,0.827835,0.307212,-0.348158,0.314795,normal_ref,normal_ref,subset_5
CubeSat - 1 RU Generic,216,D:\BaiduNetdiskDownload\fire\CubeSat - 1 RU Generic_VisibleBatch250\images\0216.png,D:\BaiduNetdiskDownload\fire\CubeSat - 1 RU Generic_IRBatch250\images\0216.png,0.825087,0.310249,-0.345365,0.322024,normal_ref,normal_ref,subset_5
CubeSat - 1 RU Generic,217,D:\BaiduNetdiskDownload\fire\CubeSat - 1 RU Generic_VisibleBatch250\images\0217.png,D:\BaiduNetdiskDownload\fire\CubeSat - 1 RU Generic_IRBatch250\images\0217.png,0.823718,0.311684,-0.344121,0.325457,normal_ref,normal_ref,subset_5
CubeSat - 1 RU Generic,218,D:\BaiduNetdiskDownload\fire\CubeSat - 1 RU Generic_VisibleBatch250\images\0218.png,D:\BaiduNetdiskDownload\fire\CubeSat - 1 RU Generic_IRBatch250\images\0218.png,0.822462,0.313048,-0.342781,0.328721,normal_ref,normal_ref,subset_5
CubeSat - 1 RU Generic,219,D:\BaiduNetdiskDownload\fire\CubeSat - 1 RU Generic_VisibleBatch250\images\0219.png,D:\BaiduNetdiskDownload\fire\CubeSat - 1 RU Generic_IRBatch250\images\0219.png,0.821165,0.314365,-0.341633,0.331888,normal_ref,normal_ref,subset_5
CubeSat - 1 RU Generic,220,D:\BaiduNetdiskDownload\fire\CubeSat - 1 RU Generic_VisibleBatch250\images\0220.png,D:\BaiduNetdiskDownload\fire\CubeSat - 1 RU Generic_IRBatch250\images\0220.png,0.819961,0.315617,-0.340433,0.334897,normal_ref,normal_ref,subset_5
CubeSat - 1 RU Generic,221,D:\BaiduNetdiskDownload\fire\CubeSat - 1 RU Generic_VisibleBatch250\images\0221.png,D:\BaiduNetdiskDownload\fire\CubeSat - 1 RU Generic_IRBatch250\images\0221.png,0.818729,0.316822,-0.339404,0.337805,normal_ref,normal_ref,subset_5
CubeSat - 1 RU Generic,222,D:\BaiduNetdiskDownload\fire\CubeSat - 1 RU Generic_VisibleBatch250\images\0222.png,D:\BaiduNetdiskDownload\fire\CubeSat - 1 RU Generic_IRBatch250\images\0222.png,0.817633,0.317955,-0.338253,0.340539,normal_ref,normal_ref,subset_5
CubeSat - 1 RU Generic,223,D:\BaiduNetdiskDownload\fire\CubeSat - 1 RU Generic_VisibleBatch250\images\0223.png,D:\BaiduNetdiskDownload\fire\CubeSat - 1 RU Generic_IRBatch250\images\0223.png,0.816497,0.319046,-0.337298,0.34318,normal_ref,normal_ref,subset_5
CubeSat - 1 RU Generic,225,D:\BaiduNetdiskDownload\fire\CubeSat - 1 RU Generic_VisibleBatch250\images\0225.png,D:\BaiduNetdiskDownload\fire\CubeSat - 1 RU Generic_IRBatch250\images\0225.png,0.814454,0.321048,-0.335358,0.348034,normal_ref,normal_ref,subset_5
CubeSat - 1 RU Generic,227,D:\BaiduNetdiskDownload\fire\CubeSat - 1 RU Generic_VisibleBatch250\images\0227.png,D:\BaiduNetdiskDownload\fire\CubeSat - 1 RU Generic_IRBatch250\images\0227.png,0.812568,0.322839,-0.333658,0.352392,normal_ref,normal_ref,subset_5
CubeSat - 1 RU Generic,228,D:\BaiduNetdiskDownload\fire\CubeSat - 1 RU Generic_VisibleBatch250\images\0228.png,D:\BaiduNetdiskDownload\fire\CubeSat - 1 RU Generic_IRBatch250\images\0228.png,0.811744,0.323647,-0.332793,0.354363,normal_ref,normal_ref,subset_5
CubeSat - 1 RU Generic,229,D:\BaiduNetdiskDownload\fire\CubeSat - 1 RU Generic_VisibleBatch250\images\0229.png,D:\BaiduNetdiskDownload\fire\CubeSat - 1 RU Generic_IRBatch250\images\0229.png,0.810946,0.324407,-0.332015,0.35622,normal_ref,normal_ref,subset_5
CubeSat - 1 RU Generic,231,D:\BaiduNetdiskDownload\fire\CubeSat - 1 RU Generic_VisibleBatch250\images\0231.png,D:\BaiduNetdiskDownload\fire\CubeSat - 1 RU Generic_IRBatch250\images\0231.png,0.809439,0.325786,-0.330704,0.359592,normal_ref,normal_ref,subset_5
CubeSat - 1 RU Generic,232,D:\BaiduNetdiskDownload\fire\CubeSat - 1 RU Generic_VisibleBatch250\images\0232.png,D:\BaiduNetdiskDownload\fire\CubeSat - 1 RU Generic_IRBatch250\images\0232.png,0.808752,0.326403,-0.330134,0.3611,normal_ref,normal_ref,subset_5
CubeSat - 1 RU Generic,233,D:\BaiduNetdiskDownload\fire\CubeSat - 1 RU Generic_VisibleBatch250\images\0233.png,D:\BaiduNetdiskDownload\fire\CubeSat - 1 RU Generic_IRBatch250\images\0233.png,0.808104,0.326973,-0.329629,0.362494,normal_ref,normal_ref,subset_5
CubeSat - 1 RU Generic,235,D:\BaiduNetdiskDownload\fire\CubeSat - 1 RU Generic_VisibleBatch250\images\0235.png,D:\BaiduNetdiskDownload\fire\CubeSat - 1 RU Generic_IRBatch250\images\0235.png,0.807036,0.32795,-0.328622,0.364895,normal_ref,normal_ref,subset_5
CubeSat - 1 RU Generic,238,D:\BaiduNetdiskDownload\fire\CubeSat - 1 RU Generic_VisibleBatch250\images\0238.png,D:\BaiduNetdiskDownload\fire\CubeSat - 1 RU Generic_IRBatch250\images\0238.png,0.80576,0.329073,-0.327557,0.367651,normal_ref,normal_ref,subset_5
CubeSat - 1 RU Generic,240,D:\BaiduNetdiskDownload\fire\CubeSat - 1 RU Generic_VisibleBatch250\images\0240.png,D:\BaiduNetdiskDownload\fire\CubeSat - 1 RU Generic_IRBatch250\images\0240.png,0.805247,0.329571,-0.326931,0.368886,normal_ref,normal_ref,subset_5
CubeSat - 1 RU Generic,245,D:\BaiduNetdiskDownload\fire\CubeSat - 1 RU Generic_VisibleBatch250\images\0245.png,D:\BaiduNetdiskDownload\fire\CubeSat - 1 RU Generic_IRBatch250\images\0245.png,0.811957,0.328366,-0.313435,0.36696,normal_ref,normal_ref,subset_5
CubeSat - 1 RU Generic,246,D:\BaiduNetdiskDownload\fire\CubeSat - 1 RU Generic_VisibleBatch250\images\0246.png,D:\BaiduNetdiskDownload\fire\CubeSat - 1 RU Generic_IRBatch250\images\0246.png,0.815066,0.327601,-0.307678,0.365622,normal_ref,normal_ref,subset_5
CubeSat - 1 RU Generic,249,D:\BaiduNetdiskDownload\fire\CubeSat - 1 RU Generic_VisibleBatch250\images\0249.png,D:\BaiduNetdiskDownload\fire\CubeSat - 1 RU Generic_IRBatch250\images\0249.png,0.827572,0.324196,-0.283827,0.359811,normal_ref,normal_ref,subset_5
CubeSat - 1 RU Generic,250,D:\BaiduNetdiskDownload\fire\CubeSat - 1 RU Generic_VisibleBatch250\images\0250.png,D:\BaiduNetdiskDownload\fire\CubeSat - 1 RU Generic_IRBatch250\images\0250.png,0.834698,0.322041,-0.269567,0.356233,normal_ref,normal_ref,subset_5
Landsat 7,1,D:\BaiduNetdiskDownload\fire\Landsat 7_VisibleBatch250\images\0001.png,D:\BaiduNetdiskDownload\fire\Landsat 7_IRBatch250\images\0001.png,0.866286,0.240664,-0.412035,0.147842,lowlight,lowcontrast,subset_1
Landsat 7,3,D:\BaiduNetdiskDownload\fire\Landsat 7_VisibleBatch250\images\0003.png,D:\BaiduNetdiskDownload\fire\Landsat 7_IRBatch250\images\0003.png,0.866342,0.240679,-0.411922,0.147802,lowlight,lowcontrast,subset_1
Landsat 7,4,D:\BaiduNetdiskDownload\fire\Landsat 7_VisibleBatch250\images\0004.png,D:\BaiduNetdiskDownload\fire\Landsat 7_IRBatch250\images\0004.png,0.866292,0.240666,-0.412021,0.147837,lowlight,lowcontrast,subset_1
Landsat 7,5,D:\BaiduNetdiskDownload\fire\Landsat 7_VisibleBatch250\images\0005.png,D:\BaiduNetdiskDownload\fire\Landsat 7_IRBatch250\images\0005.png,0.866363,0.240685,-0.411881,0.147787,lowlight,lowcontrast,subset_1
Landsat 7,6,D:\BaiduNetdiskDownload\fire\Landsat 7_VisibleBatch250\images\0006.png,D:\BaiduNetdiskDownload\fire\Landsat 7_IRBatch250\images\0006.png,0.866356,0.240683,-0.411894,0.147792,lowlight,lowcontrast,subset_1
Landsat 7,11,D:\BaiduNetdiskDownload\fire\Landsat 7_VisibleBatch250\images\0011.png,D:\BaiduNetdiskDownload\fire\Landsat 7_IRBatch250\images\0011.png,0.866314,0.240672,-0.411979,0.147822,lowlight,lowcontrast,subset_1
Landsat 7,14,D:\BaiduNetdiskDownload\fire\Landsat 7_VisibleBatch250\images\0014.png,D:\BaiduNetdiskDownload\fire\Landsat 7_IRBatch250\images\0014.png,0.866309,0.24067,-0.411988,0.147825,lowlight,lowcontrast,subset_1
Landsat 7,15,D:\BaiduNetdiskDownload\fire\Landsat 7_VisibleBatch250\images\0015.png,D:\BaiduNetdiskDownload\fire\Landsat 7_IRBatch250\images\0015.png,0.866342,0.24068,-0.411923,0.147802,lowlight,lowcontrast,subset_1
Landsat 7,17,D:\BaiduNetdiskDownload\fire\Landsat 7_VisibleBatch250\images\0017.png,D:\BaiduNetdiskDownload\fire\Landsat 7_IRBatch250\images\0017.png,0.866318,0.240673,-0.411971,0.147819,lowlight,lowcontrast,subset_1
Landsat 7,18,D:\BaiduNetdiskDownload\fire\Landsat 7_VisibleBatch250\images\0018.png,D:\BaiduNetdiskDownload\fire\Landsat 7_IRBatch250\images\0018.png,0.866318,0.240673,-0.41197,0.147819,lowlight,lowcontrast,subset_1
Landsat 7,22,D:\BaiduNetdiskDownload\fire\Landsat 7_VisibleBatch250\images\0022.png,D:\BaiduNetdiskDownload\fire\Landsat 7_IRBatch250\images\0022.png,0.866328,0.240676,-0.41195,0.147812,lowlight,lowcontrast,subset_1
Landsat 7,23,D:\BaiduNetdiskDownload\fire\Landsat 7_VisibleBatch250\images\0023.png,D:\BaiduNetdiskDownload\fire\Landsat 7_IRBatch250\images\0023.png,0.86633,0.240676,-0.411946,0.14781,lowlight,lowcontrast,subset_1
Landsat 7,25,D:\BaiduNetdiskDownload\fire\Landsat 7_VisibleBatch250\images\0025.png,D:\BaiduNetdiskDownload\fire\Landsat 7_IRBatch250\images\0025.png,0.866322,0.240674,-0.411961,0.147816,lowlight,lowcontrast,subset_1
Landsat 7,26,D:\BaiduNetdiskDownload\fire\Landsat 7_VisibleBatch250\images\0026.png,D:\BaiduNetdiskDownload\fire\Landsat 7_IRBatch250\images\0026.png,0.866287,0.240664,-0.412033,0.147841,lowlight,lowcontrast,subset_1
Landsat 7,27,D:\BaiduNetdiskDownload\fire\Landsat 7_VisibleBatch250\images\0027.png,D:\BaiduNetdiskDownload\fire\Landsat 7_IRBatch250\images\0027.png,0.866303,0.240669,-0.412,0.14783,lowlight,lowcontrast,subset_1
Landsat 7,28,D:\BaiduNetdiskDownload\fire\Landsat 7_VisibleBatch250\images\0028.png,D:\BaiduNetdiskDownload\fire\Landsat 7_IRBatch250\images\0028.png,0.866334,0.240678,-0.411938,0.147807,lowlight,lowcontrast,subset_1
Landsat 7,29,D:\BaiduNetdiskDownload\fire\Landsat 7_VisibleBatch250\images\0029.png,D:\BaiduNetdiskDownload\fire\Landsat 7_IRBatch250\images\0029.png,0.866344,0.24068,-0.411918,0.1478,lowlight,lowcontrast,subset_1
Landsat 7,31,D:\BaiduNetdiskDownload\fire\Landsat 7_VisibleBatch250\images\0031.png,D:\BaiduNetdiskDownload\fire\Landsat 7_IRBatch250\images\0031.png,0.866303,0.240669,-0.412,0.14783,lowlight,lowcontrast,subset_1
Landsat 7,33,D:\BaiduNetdiskDownload\fire\Landsat 7_VisibleBatch250\images\0033.png,D:\BaiduNetdiskDownload\fire\Landsat 7_IRBatch250\images\0033.png,0.866282,0.240663,-0.412042,0.147845,lowlight,lowcontrast,subset_1
Landsat 7,34,D:\BaiduNetdiskDownload\fire\Landsat 7_VisibleBatch250\images\0034.png,D:\BaiduNetdiskDownload\fire\Landsat 7_IRBatch250\images\0034.png,0.866283,0.240663,-0.412041,0.147844,lowlight,lowcontrast,subset_1
Landsat 7,35,D:\BaiduNetdiskDownload\fire\Landsat 7_VisibleBatch250\images\0035.png,D:\BaiduNetdiskDownload\fire\Landsat 7_IRBatch250\images\0035.png,0.866323,0.240674,-0.41196,0.147815,lowlight,lowcontrast,subset_1
Landsat 7,36,D:\BaiduNetdiskDownload\fire\Landsat 7_VisibleBatch250\images\0036.png,D:\BaiduNetdiskDownload\fire\Landsat 7_IRBatch250\images\0036.png,0.866328,0.240676,-0.411949,0.147811,lowlight,lowcontrast,subset_1
Landsat 7,38,D:\BaiduNetdiskDownload\fire\Landsat 7_VisibleBatch250\images\0038.png,D:\BaiduNetdiskDownload\fire\Landsat 7_IRBatch250\images\0038.png,0.866308,0.24067,-0.411989,0.147826,lowlight,lowcontrast,subset_1
Landsat 7,39,D:\BaiduNetdiskDownload\fire\Landsat 7_VisibleBatch250\images\0039.png,D:\BaiduNetdiskDownload\fire\Landsat 7_IRBatch250\images\0039.png,0.866334,0.240677,-0.411938,0.147807,lowlight,lowcontrast,subset_1
Landsat 7,40,D:\BaiduNetdiskDownload\fire\Landsat 7_VisibleBatch250\images\0040.png,D:\BaiduNetdiskDownload\fire\Landsat 7_IRBatch250\images\0040.png,0.866286,0.240664,-0.412033,0.147842,lowlight,lowcontrast,subset_1
Landsat 7,41,D:\BaiduNetdiskDownload\fire\Landsat 7_VisibleBatch250\images\0041.png,D:\BaiduNetdiskDownload\fire\Landsat 7_IRBatch250\images\0041.png,0.866309,0.24067,-0.411988,0.147825,lowlight,lowcontrast,subset_1
Landsat 7,42,D:\BaiduNetdiskDownload\fire\Landsat 7_VisibleBatch250\images\0042.png,D:\BaiduNetdiskDownload\fire\Landsat 7_IRBatch250\images\0042.png,0.866343,0.24068,-0.411919,0.147801,lowlight,lowcontrast,subset_1
Landsat 7,44,D:\BaiduNetdiskDownload\fire\Landsat 7_VisibleBatch250\images\0044.png,D:\BaiduNetdiskDownload\fire\Landsat 7_IRBatch250\images\0044.png,0.866305,0.240669,-0.411997,0.147829,lowlight,lowcontrast,subset_1
Landsat 7,45,D:\BaiduNetdiskDownload\fire\Landsat 7_VisibleBatch250\images\0045.png,D:\BaiduNetdiskDownload\fire\Landsat 7_IRBatch250\images\0045.png,0.86637,0.240687,-0.411866,0.147782,lowlight,lowcontrast,subset_1
Landsat 7,48,D:\BaiduNetdiskDownload\fire\Landsat 7_VisibleBatch250\images\0048.png,D:\BaiduNetdiskDownload\fire\Landsat 7_IRBatch250\images\0048.png,0.866356,0.240683,-0.411895,0.147792,lowlight,lowcontrast,subset_1
Landsat 7,52,D:\BaiduNetdiskDownload\fire\Landsat 7_VisibleBatch250\images\0052.png,D:\BaiduNetdiskDownload\fire\Landsat 7_IRBatch250\images\0052.png,0.866329,0.240675,-0.411949,0.147812,backlit,hotspot,subset_2
Landsat 7,54,D:\BaiduNetdiskDownload\fire\Landsat 7_VisibleBatch250\images\0054.png,D:\BaiduNetdiskDownload\fire\Landsat 7_IRBatch250\images\0054.png,0.866337,0.240677,-0.411932,0.147806,backlit,hotspot,subset_2
Landsat 7,55,D:\BaiduNetdiskDownload\fire\Landsat 7_VisibleBatch250\images\0055.png,D:\BaiduNetdiskDownload\fire\Landsat 7_IRBatch250\images\0055.png,0.866328,0.240675,-0.41195,0.147812,backlit,hotspot,subset_2
Landsat 7,57,D:\BaiduNetdiskDownload\fire\Landsat 7_VisibleBatch250\images\0057.png,D:\BaiduNetdiskDownload\fire\Landsat 7_IRBatch250\images\0057.png,0.866388,0.240691,-0.411829,0.147769,backlit,hotspot,subset_2
Landsat 7,59,D:\BaiduNetdiskDownload\fire\Landsat 7_VisibleBatch250\images\0059.png,D:\BaiduNetdiskDownload\fire\Landsat 7_IRBatch250\images\0059.png,0.866309,0.240669,-0.411989,0.147826,backlit,hotspot,subset_2
Landsat 7,60,D:\BaiduNetdiskDownload\fire\Landsat 7_VisibleBatch250\images\0060.png,D:\BaiduNetdiskDownload\fire\Landsat 7_IRBatch250\images\0060.png,0.866291,0.240665,-0.412024,0.147839,backlit,hotspot,subset_2
Landsat 7,61,D:\BaiduNetdiskDownload\fire\Landsat 7_VisibleBatch250\images\0061.png,D:\BaiduNetdiskDownload\fire\Landsat 7_IRBatch250\images\0061.png,0.866297,0.240666,-0.412012,0.147835,backlit,hotspot,subset_2
Landsat 7,62,D:\BaiduNetdiskDownload\fire\Landsat 7_VisibleBatch250\images\0062.png,D:\BaiduNetdiskDownload\fire\Landsat 7_IRBatch250\images\0062.png,0.866306,0.240669,-0.411995,0.147828,backlit,hotspot,subset_2
Landsat 7,63,D:\BaiduNetdiskDownload\fire\Landsat 7_VisibleBatch250\images\0063.png,D:\BaiduNetdiskDownload\fire\Landsat 7_IRBatch250\images\0063.png,0.866313,0.240671,-0.41198,0.147823,backlit,hotspot,subset_2
Landsat 7,64,D:\BaiduNetdiskDownload\fire\Landsat 7_VisibleBatch250\images\0064.png,D:\BaiduNetdiskDownload\fire\Landsat 7_IRBatch250\images\0064.png,0.866325,0.240674,-0.411957,0.147815,backlit,hotspot,subset_2
Landsat 7,69,D:\BaiduNetdiskDownload\fire\Landsat 7_VisibleBatch250\images\0069.png,D:\BaiduNetdiskDownload\fire\Landsat 7_IRBatch250\images\0069.png,0.866325,0.240674,-0.411956,0.147814,backlit,hotspot,subset_2
Landsat 7,71,D:\BaiduNetdiskDownload\fire\Landsat 7_VisibleBatch250\images\0071.png,D:\BaiduNetdiskDownload\fire\Landsat 7_IRBatch250\images\0071.png,0.866338,0.240678,-0.411929,0.147805,backlit,hotspot,subset_2
Landsat 7,73,D:\BaiduNetdiskDownload\fire\Landsat 7_VisibleBatch250\images\0073.png,D:\BaiduNetdiskDownload\fire\Landsat 7_IRBatch250\images\0073.png,0.866336,0.240677,-0.411933,0.147806,backlit,hotspot,subset_2
Landsat 7,74,D:\BaiduNetdiskDownload\fire\Landsat 7_VisibleBatch250\images\0074.png,D:\BaiduNetdiskDownload\fire\Landsat 7_IRBatch250\images\0074.png,0.866337,0.240678,-0.411931,0.147805,backlit,hotspot,subset_2
Landsat 7,76,D:\BaiduNetdiskDownload\fire\Landsat 7_VisibleBatch250\images\0076.png,D:\BaiduNetdiskDownload\fire\Landsat 7_IRBatch250\images\0076.png,0.866301,0.240668,-0.412005,0.147832,backlit,hotspot,subset_2
Landsat 7,80,D:\BaiduNetdiskDownload\fire\Landsat 7_VisibleBatch250\images\0080.png,D:\BaiduNetdiskDownload\fire\Landsat 7_IRBatch250\images\0080.png,0.866306,0.240671,-0.411993,0.147827,backlit,hotspot,subset_2
Landsat 7,81,D:\BaiduNetdiskDownload\fire\Landsat 7_VisibleBatch250\images\0081.png,D:\BaiduNetdiskDownload\fire\Landsat 7_IRBatch250\images\0081.png,0.866308,0.240672,-0.41199,0.147825,backlit,hotspot,subset_2
Landsat 7,83,D:\BaiduNetdiskDownload\fire\Landsat 7_VisibleBatch250\images\0083.png,D:\BaiduNetdiskDownload\fire\Landsat 7_IRBatch250\images\0083.png,0.866301,0.240671,-0.412003,0.147829,backlit,hotspot,subset_2
Landsat 7,84,D:\BaiduNetdiskDownload\fire\Landsat 7_VisibleBatch250\images\0084.png,D:\BaiduNetdiskDownload\fire\Landsat 7_IRBatch250\images\0084.png,0.8663,0.240672,-0.412004,0.147829,backlit,hotspot,subset_2
Landsat 7,85,D:\BaiduNetdiskDownload\fire\Landsat 7_VisibleBatch250\images\0085.png,D:\BaiduNetdiskDownload\fire\Landsat 7_IRBatch250\images\0085.png,0.866324,0.240679,-0.411956,0.147812,backlit,hotspot,subset_2
Landsat 7,86,D:\BaiduNetdiskDownload\fire\Landsat 7_VisibleBatch250\images\0086.png,D:\BaiduNetdiskDownload\fire\Landsat 7_IRBatch250\images\0086.png,0.866302,0.240674,-0.412,0.147827,backlit,hotspot,subset_2
Landsat 7,89,D:\BaiduNetdiskDownload\fire\Landsat 7_VisibleBatch250\images\0089.png,D:\BaiduNetdiskDownload\fire\Landsat 7_IRBatch250\images\0089.png,0.866316,0.240678,-0.411973,0.147817,backlit,hotspot,subset_2
Landsat 7,90,D:\BaiduNetdiskDownload\fire\Landsat 7_VisibleBatch250\images\0090.png,D:\BaiduNetdiskDownload\fire\Landsat 7_IRBatch250\images\0090.png,0.866329,0.240682,-0.411945,0.147807,backlit,hotspot,subset_2
Landsat 7,91,D:\BaiduNetdiskDownload\fire\Landsat 7_VisibleBatch250\images\0091.png,D:\BaiduNetdiskDownload\fire\Landsat 7_IRBatch250\images\0091.png,0.866336,0.240684,-0.411932,0.147802,backlit,hotspot,subset_2
Landsat 7,92,D:\BaiduNetdiskDownload\fire\Landsat 7_VisibleBatch250\images\0092.png,D:\BaiduNetdiskDownload\fire\Landsat 7_IRBatch250\images\0092.png,0.866313,0.240678,-0.411978,0.147819,backlit,hotspot,subset_2
Landsat 7,93,D:\BaiduNetdiskDownload\fire\Landsat 7_VisibleBatch250\images\0093.png,D:\BaiduNetdiskDownload\fire\Landsat 7_IRBatch250\images\0093.png,0.866309,0.240676,-0.411985,0.147822,backlit,hotspot,subset_2
Landsat 7,94,D:\BaiduNetdiskDownload\fire\Landsat 7_VisibleBatch250\images\0094.png,D:\BaiduNetdiskDownload\fire\Landsat 7_IRBatch250\images\0094.png,0.866326,0.240681,-0.411953,0.14781,backlit,hotspot,subset_2
Landsat 7,95,D:\BaiduNetdiskDownload\fire\Landsat 7_VisibleBatch250\images\0095.png,D:\BaiduNetdiskDownload\fire\Landsat 7_IRBatch250\images\0095.png,0.866336,0.240684,-0.411932,0.147802,backlit,hotspot,subset_2
Landsat 7,98,D:\BaiduNetdiskDownload\fire\Landsat 7_VisibleBatch250\images\0098.png,D:\BaiduNetdiskDownload\fire\Landsat 7_IRBatch250\images\0098.png,0.866298,0.240674,-0.412007,0.147829,backlit,hotspot,subset_2
Landsat 7,100,D:\BaiduNetdiskDownload\fire\Landsat 7_VisibleBatch250\images\0100.png,D:\BaiduNetdiskDownload\fire\Landsat 7_IRBatch250\images\0100.png,0.866287,0.240671,-0.412029,0.147837,backlit,hotspot,subset_2
Landsat 7,101,D:\BaiduNetdiskDownload\fire\Landsat 7_VisibleBatch250\images\0101.png,D:\BaiduNetdiskDownload\fire\Landsat 7_IRBatch250\images\0101.png,0.866336,0.240685,-0.411931,0.147802,overexpose,lowsnr,subset_3
Landsat 7,102,D:\BaiduNetdiskDownload\fire\Landsat 7_VisibleBatch250\images\0102.png,D:\BaiduNetdiskDownload\fire\Landsat 7_IRBatch250\images\0102.png,0.866323,0.240681,-0.411958,0.147811,overexpose,lowsnr,subset_3
Landsat 7,103,D:\BaiduNetdiskDownload\fire\Landsat 7_VisibleBatch250\images\0103.png,D:\BaiduNetdiskDownload\fire\Landsat 7_IRBatch250\images\0103.png,0.866353,0.24069,-0.411896,0.147789,overexpose,lowsnr,subset_3
Landsat 7,104,D:\BaiduNetdiskDownload\fire\Landsat 7_VisibleBatch250\images\0104.png,D:\BaiduNetdiskDownload\fire\Landsat 7_IRBatch250\images\0104.png,0.866344,0.240688,-0.411915,0.147795,overexpose,lowsnr,subset_3
Landsat 7,106,D:\BaiduNetdiskDownload\fire\Landsat 7_VisibleBatch250\images\0106.png,D:\BaiduNetdiskDownload\fire\Landsat 7_IRBatch250\images\0106.png,0.866294,0.240674,-0.412015,0.147831,overexpose,lowsnr,subset_3
Landsat 7,109,D:\BaiduNetdiskDownload\fire\Landsat 7_VisibleBatch250\images\0109.png,D:\BaiduNetdiskDownload\fire\Landsat 7_IRBatch250\images\0109.png,0.866312,0.24068,-0.411978,0.147818,overexpose,lowsnr,subset_3
Landsat 7,110,D:\BaiduNetdiskDownload\fire\Landsat 7_VisibleBatch250\images\0110.png,D:\BaiduNetdiskDownload\fire\Landsat 7_IRBatch250\images\0110.png,0.866329,0.240685,-0.411944,0.147805,overexpose,lowsnr,subset_3
Landsat 7,112,D:\BaiduNetdiskDownload\fire\Landsat 7_VisibleBatch250\images\0112.png,D:\BaiduNetdiskDownload\fire\Landsat 7_IRBatch250\images\0112.png,0.866335,0.240688,-0.411931,0.1478,overexpose,lowsnr,subset_3
Landsat 7,113,D:\BaiduNetdiskDownload\fire\Landsat 7_VisibleBatch250\images\0113.png,D:\BaiduNetdiskDownload\fire\Landsat 7_IRBatch250\images\0113.png,0.866299,0.240678,-0.412004,0.147826,overexpose,lowsnr,subset_3
Landsat 7,115,D:\BaiduNetdiskDownload\fire\Landsat 7_VisibleBatch250\images\0115.png,D:\BaiduNetdiskDownload\fire\Landsat 7_IRBatch250\images\0115.png,0.86633,0.240687,-0.411942,0.147804,overexpose,lowsnr,subset_3
Landsat 7,120,D:\BaiduNetdiskDownload\fire\Landsat 7_VisibleBatch250\images\0120.png,D:\BaiduNetdiskDownload\fire\Landsat 7_IRBatch250\images\0120.png,0.866295,0.240677,-0.412012,0.147829,overexpose,lowsnr,subset_3
Landsat 7,121,D:\BaiduNetdiskDownload\fire\Landsat 7_VisibleBatch250\images\0121.png,D:\BaiduNetdiskDownload\fire\Landsat 7_IRBatch250\images\0121.png,0.866327,0.240686,-0.411949,0.147806,overexpose,lowsnr,subset_3
Landsat 7,122,D:\BaiduNetdiskDownload\fire\Landsat 7_VisibleBatch250\images\0122.png,D:\BaiduNetdiskDownload\fire\Landsat 7_IRBatch250\images\0122.png,0.866338,0.240689,-0.411926,0.147798,overexpose,lowsnr,subset_3
Landsat 7,123,D:\BaiduNetdiskDownload\fire\Landsat 7_VisibleBatch250\images\0123.png,D:\BaiduNetdiskDownload\fire\Landsat 7_IRBatch250\images\0123.png,0.866299,0.240678,-0.412005,0.147826,overexpose,lowsnr,subset_3
Landsat 7,124,D:\BaiduNetdiskDownload\fire\Landsat 7_VisibleBatch250\images\0124.png,D:\BaiduNetdiskDownload\fire\Landsat 7_IRBatch250\images\0124.png,0.866285,0.240674,-0.412032,0.147836,overexpose,lowsnr,subset_3
Landsat 7,125,D:\BaiduNetdiskDownload\fire\Landsat 7_VisibleBatch250\images\0125.png,D:\BaiduNetdiskDownload\fire\Landsat 7_IRBatch250\images\0125.png,0.86631,0.240681,-0.411983,0.147818,overexpose,lowsnr,subset_3
Landsat 7,127,D:\BaiduNetdiskDownload\fire\Landsat 7_VisibleBatch250\images\0127.png,D:\BaiduNetdiskDownload\fire\Landsat 7_IRBatch250\images\0127.png,0.866346,0.240691,-0.411911,0.147793,overexpose,lowsnr,subset_3
Landsat 7,128,D:\BaiduNetdiskDownload\fire\Landsat 7_VisibleBatch250\images\0128.png,D:\BaiduNetdiskDownload\fire\Landsat 7_IRBatch250\images\0128.png,0.866335,0.240688,-0.411933,0.147801,overexpose,lowsnr,subset_3
Landsat 7,129,D:\BaiduNetdiskDownload\fire\Landsat 7_VisibleBatch250\images\0129.png,D:\BaiduNetdiskDownload\fire\Landsat 7_IRBatch250\images\0129.png,0.866334,0.240687,-0.411934,0.147801,overexpose,lowsnr,subset_3
Landsat 7,130,D:\BaiduNetdiskDownload\fire\Landsat 7_VisibleBatch250\images\0130.png,D:\BaiduNetdiskDownload\fire\Landsat 7_IRBatch250\images\0130.png,0.866328,0.240685,-0.411946,0.147806,overexpose,lowsnr,subset_3
Landsat 7,133,D:\BaiduNetdiskDownload\fire\Landsat 7_VisibleBatch250\images\0133.png,D:\BaiduNetdiskDownload\fire\Landsat 7_IRBatch250\images\0133.png,0.866324,0.240683,-0.411954,0.147809,overexpose,lowsnr,subset_3
Landsat 7,134,D:\BaiduNetdiskDownload\fire\Landsat 7_VisibleBatch250\images\0134.png,D:\BaiduNetdiskDownload\fire\Landsat 7_IRBatch250\images\0134.png,0.866299,0.240676,-0.412006,0.147827,overexpose,lowsnr,subset_3
Landsat 7,135,D:\BaiduNetdiskDownload\fire\Landsat 7_VisibleBatch250\images\0135.png,D:\BaiduNetdiskDownload\fire\Landsat 7_IRBatch250\images\0135.png,0.866337,0.240687,-0.411928,0.1478,overexpose,lowsnr,subset_3
Landsat 7,138,D:\BaiduNetdiskDownload\fire\Landsat 7_VisibleBatch250\images\0138.png,D:\BaiduNetdiskDownload\fire\Landsat 7_IRBatch250\images\0138.png,0.866301,0.240671,-0.412003,0.147829,overexpose,lowsnr,subset_3
Landsat 7,140,D:\BaiduNetdiskDownload\fire\Landsat 7_VisibleBatch250\images\0140.png,D:\BaiduNetdiskDownload\fire\Landsat 7_IRBatch250\images\0140.png,0.866352,0.240681,-0.411903,0.147796,overexpose,lowsnr,subset_3
Landsat 7,142,D:\BaiduNetdiskDownload\fire\Landsat 7_VisibleBatch250\images\0142.png,D:\BaiduNetdiskDownload\fire\Landsat 7_IRBatch250\images\0142.png,0.866307,0.240664,-0.411993,0.14783,overexpose,lowsnr,subset_3
Landsat 7,144,D:\BaiduNetdiskDownload\fire\Landsat 7_VisibleBatch250\images\0144.png,D:\BaiduNetdiskDownload\fire\Landsat 7_IRBatch250\images\0144.png,0.866327,0.240665,-0.411955,0.147819,overexpose,lowsnr,subset_3
Landsat 7,145,D:\BaiduNetdiskDownload\fire\Landsat 7_VisibleBatch250\images\0145.png,D:\BaiduNetdiskDownload\fire\Landsat 7_IRBatch250\images\0145.png,0.866332,0.240664,-0.411947,0.147817,overexpose,lowsnr,subset_3
Landsat 7,146,D:\BaiduNetdiskDownload\fire\Landsat 7_VisibleBatch250\images\0146.png,D:\BaiduNetdiskDownload\fire\Landsat 7_IRBatch250\images\0146.png,0.866348,0.240667,-0.411914,0.147806,overexpose,lowsnr,subset_3
Landsat 7,149,D:\BaiduNetdiskDownload\fire\Landsat 7_VisibleBatch250\images\0149.png,D:\BaiduNetdiskDownload\fire\Landsat 7_IRBatch250\images\0149.png,0.866345,0.240667,-0.41192,0.147808,overexpose,lowsnr,subset_3
Landsat 7,154,D:\BaiduNetdiskDownload\fire\Landsat 7_VisibleBatch250\images\0154.png,D:\BaiduNetdiskDownload\fire\Landsat 7_IRBatch250\images\0154.png,0.866348,0.240667,-0.411914,0.147806,lowres,lowres,subset_4
Landsat 7,156,D:\BaiduNetdiskDownload\fire\Landsat 7_VisibleBatch250\images\0156.png,D:\BaiduNetdiskDownload\fire\Landsat 7_IRBatch250\images\0156.png,0.86632,0.240659,-0.411971,0.147827,lowres,lowres,subset_4
Landsat 7,158,D:\BaiduNetdiskDownload\fire\Landsat 7_VisibleBatch250\images\0158.png,D:\BaiduNetdiskDownload\fire\Landsat 7_IRBatch250\images\0158.png,0.866325,0.240661,-0.411961,0.147823,lowres,lowres,subset_4
Landsat 7,159,D:\BaiduNetdiskDownload\fire\Landsat 7_VisibleBatch250\images\0159.png,D:\BaiduNetdiskDownload\fire\Landsat 7_IRBatch250\images\0159.png,0.866357,0.240669,-0.411896,0.1478,lowres,lowres,subset_4
Landsat 7,160,D:\BaiduNetdiskDownload\fire\Landsat 7_VisibleBatch250\images\0160.png,D:\BaiduNetdiskDownload\fire\Landsat 7_IRBatch250\images\0160.png,0.866335,0.240663,-0.411941,0.147816,lowres,lowres,subset_4
Landsat 7,161,D:\BaiduNetdiskDownload\fire\Landsat 7_VisibleBatch250\images\0161.png,D:\BaiduNetdiskDownload\fire\Landsat 7_IRBatch250\images\0161.png,0.866322,0.24066,-0.411966,0.147825,lowres,lowres,subset_4
Landsat 7,162,D:\BaiduNetdiskDownload\fire\Landsat 7_VisibleBatch250\images\0162.png,D:\BaiduNetdiskDownload\fire\Landsat 7_IRBatch250\images\0162.png,0.866353,0.240668,-0.411905,0.147803,lowres,lowres,subset_4
Landsat 7,163,D:\BaiduNetdiskDownload\fire\Landsat 7_VisibleBatch250\images\0163.png,D:\BaiduNetdiskDownload\fire\Landsat 7_IRBatch250\images\0163.png,0.866327,0.240661,-0.411957,0.147822,lowres,lowres,subset_4
Landsat 7,167,D:\BaiduNetdiskDownload\fire\Landsat 7_VisibleBatch250\images\0167.png,D:\BaiduNetdiskDownload\fire\Landsat 7_IRBatch250\images\0167.png,0.866341,0.240664,-0.41193,0.147812,lowres,lowres,subset_4
Landsat 7,168,D:\BaiduNetdiskDownload\fire\Landsat 7_VisibleBatch250\images\0168.png,D:\BaiduNetdiskDownload\fire\Landsat 7_IRBatch250\images\0168.png,0.866345,0.240665,-0.411922,0.147809,lowres,lowres,subset_4
Landsat 7,170,D:\BaiduNetdiskDownload\fire\Landsat 7_VisibleBatch250\images\0170.png,D:\BaiduNetdiskDownload\fire\Landsat 7_IRBatch250\images\0170.png,0.866322,0.240659,-0.411968,0.147826,lowres,lowres,subset_4
Landsat 7,171,D:\BaiduNetdiskDownload\fire\Landsat 7_VisibleBatch250\images\0171.png,D:\BaiduNetdiskDownload\fire\Landsat 7_IRBatch250\images\0171.png,0.866343,0.240665,-0.411925,0.147811,lowres,lowres,subset_4
Landsat 7,172,D:\BaiduNetdiskDownload\fire\Landsat 7_VisibleBatch250\images\0172.png,D:\BaiduNetdiskDownload\fire\Landsat 7_IRBatch250\images\0172.png,0.866324,0.240659,-0.411963,0.147824,lowres,lowres,subset_4
Landsat 7,173,D:\BaiduNetdiskDownload\fire\Landsat 7_VisibleBatch250\images\0173.png,D:\BaiduNetdiskDownload\fire\Landsat 7_IRBatch250\images\0173.png,0.866333,0.240662,-0.411945,0.147818,lowres,lowres,subset_4
Landsat 7,175,D:\BaiduNetdiskDownload\fire\Landsat 7_VisibleBatch250\images\0175.png,D:\BaiduNetdiskDownload\fire\Landsat 7_IRBatch250\images\0175.png,0.86633,0.240661,-0.411952,0.14782,lowres,lowres,subset_4
Landsat 7,176,D:\BaiduNetdiskDownload\fire\Landsat 7_VisibleBatch250\images\0176.png,D:\BaiduNetdiskDownload\fire\Landsat 7_IRBatch250\images\0176.png,0.866401,0.24068,-0.411809,0.147769,lowres,lowres,subset_4
Landsat 7,177,D:\BaiduNetdiskDownload\fire\Landsat 7_VisibleBatch250\images\0177.png,D:\BaiduNetdiskDownload\fire\Landsat 7_IRBatch250\images\0177.png,0.86634,0.240663,-0.411931,0.147813,lowres,lowres,subset_4
Landsat 7,179,D:\BaiduNetdiskDownload\fire\Landsat 7_VisibleBatch250\images\0179.png,D:\BaiduNetdiskDownload\fire\Landsat 7_IRBatch250\images\0179.png,0.866316,0.240657,-0.41198,0.14783,lowres,lowres,subset_4
Landsat 7,181,D:\BaiduNetdiskDownload\fire\Landsat 7_VisibleBatch250\images\0181.png,D:\BaiduNetdiskDownload\fire\Landsat 7_IRBatch250\images\0181.png,0.866325,0.240659,-0.411962,0.147824,lowres,lowres,subset_4
Landsat 7,182,D:\BaiduNetdiskDownload\fire\Landsat 7_VisibleBatch250\images\0182.png,D:\BaiduNetdiskDownload\fire\Landsat 7_IRBatch250\images\0182.png,0.866347,0.240665,-0.411918,0.147808,lowres,lowres,subset_4
Landsat 7,185,D:\BaiduNetdiskDownload\fire\Landsat 7_VisibleBatch250\images\0185.png,D:\BaiduNetdiskDownload\fire\Landsat 7_IRBatch250\images\0185.png,0.866291,0.24065,-0.412029,0.147848,lowres,lowres,subset_4
Landsat 7,186,D:\BaiduNetdiskDownload\fire\Landsat 7_VisibleBatch250\images\0186.png,D:\BaiduNetdiskDownload\fire\Landsat 7_IRBatch250\images\0186.png,0.866345,0.240665,-0.411922,0.147809,lowres,lowres,subset_4
Landsat 7,187,D:\BaiduNetdiskDownload\fire\Landsat 7_VisibleBatch250\images\0187.png,D:\BaiduNetdiskDownload\fire\Landsat 7_IRBatch250\images\0187.png,0.866314,0.240656,-0.411984,0.147832,lowres,lowres,subset_4
Landsat 7,190,D:\BaiduNetdiskDownload\fire\Landsat 7_VisibleBatch250\images\0190.png,D:\BaiduNetdiskDownload\fire\Landsat 7_IRBatch250\images\0190.png,0.866372,0.240673,-0.411867,0.14779,lowres,lowres,subset_4
Landsat 7,191,D:\BaiduNetdiskDownload\fire\Landsat 7_VisibleBatch250\images\0191.png,D:\BaiduNetdiskDownload\fire\Landsat 7_IRBatch250\images\0191.png,0.866355,0.240668,-0.411902,0.147802,lowres,lowres,subset_4
Landsat 7,192,D:\BaiduNetdiskDownload\fire\Landsat 7_VisibleBatch250\images\0192.png,D:\BaiduNetdiskDownload\fire\Landsat 7_IRBatch250\images\0192.png,0.866346,0.240666,-0.411918,0.147808,lowres,lowres,subset_4
Landsat 7,193,D:\BaiduNetdiskDownload\fire\Landsat 7_VisibleBatch250\images\0193.png,D:\BaiduNetdiskDownload\fire\Landsat 7_IRBatch250\images\0193.png,0.866322,0.240659,-0.411967,0.147825,lowres,lowres,subset_4
Landsat 7,194,D:\BaiduNetdiskDownload\fire\Landsat 7_VisibleBatch250\images\0194.png,D:\BaiduNetdiskDownload\fire\Landsat 7_IRBatch250\images\0194.png,0.866345,0.240666,-0.41192,0.147809,lowres,lowres,subset_4
Landsat 7,196,D:\BaiduNetdiskDownload\fire\Landsat 7_VisibleBatch250\images\0196.png,D:\BaiduNetdiskDownload\fire\Landsat 7_IRBatch250\images\0196.png,0.866339,0.240664,-0.411932,0.147813,lowres,lowres,subset_4
Landsat 7,200,D:\BaiduNetdiskDownload\fire\Landsat 7_VisibleBatch250\images\0200.png,D:\BaiduNetdiskDownload\fire\Landsat 7_IRBatch250\images\0200.png,0.866328,0.240662,-0.411954,0.14782,lowres,lowres,subset_4
Landsat 7,201,D:\BaiduNetdiskDownload\fire\Landsat 7_VisibleBatch250\images\0201.png,D:\BaiduNetdiskDownload\fire\Landsat 7_IRBatch250\images\0201.png,0.866357,0.24067,-0.411896,0.147799,normal_ref,normal_ref,subset_5
Landsat 7,203,D:\BaiduNetdiskDownload\fire\Landsat 7_VisibleBatch250\images\0203.png,D:\BaiduNetdiskDownload\fire\Landsat 7_IRBatch250\images\0203.png,0.866352,0.240669,-0.411906,0.147803,normal_ref,normal_ref,subset_5
Landsat 7,204,D:\BaiduNetdiskDownload\fire\Landsat 7_VisibleBatch250\images\0204.png,D:\BaiduNetdiskDownload\fire\Landsat 7_IRBatch250\images\0204.png,0.866361,0.240672,-0.411888,0.147796,normal_ref,normal_ref,subset_5
Landsat 7,205,D:\BaiduNetdiskDownload\fire\Landsat 7_VisibleBatch250\images\0205.png,D:\BaiduNetdiskDownload\fire\Landsat 7_IRBatch250\images\0205.png,0.86632,0.24066,-0.411971,0.147826,normal_ref,normal_ref,subset_5
Landsat 7,207,D:\BaiduNetdiskDownload\fire\Landsat 7_VisibleBatch250\images\0207.png,D:\BaiduNetdiskDownload\fire\Landsat 7_IRBatch250\images\0207.png,0.866382,0.240678,-0.411847,0.147781,normal_ref,normal_ref,subset_5
Landsat 7,211,D:\BaiduNetdiskDownload\fire\Landsat 7_VisibleBatch250\images\0211.png,D:\BaiduNetdiskDownload\fire\Landsat 7_IRBatch250\images\0211.png,0.866337,0.240665,-0.411937,0.147813,normal_ref,normal_ref,subset_5
Landsat 7,213,D:\BaiduNetdiskDownload\fire\Landsat 7_VisibleBatch250\images\0213.png,D:\BaiduNetdiskDownload\fire\Landsat 7_IRBatch250\images\0213.png,0.866325,0.240662,-0.41196,0.147822,normal_ref,normal_ref,subset_5
Landsat 7,215,D:\BaiduNetdiskDownload\fire\Landsat 7_VisibleBatch250\images\0215.png,D:\BaiduNetdiskDownload\fire\Landsat 7_IRBatch250\images\0215.png,0.866317,0.24066,-0.411977,0.147828,normal_ref,normal_ref,subset_5
Landsat 7,216,D:\BaiduNetdiskDownload\fire\Landsat 7_VisibleBatch250\images\0216.png,D:\BaiduNetdiskDownload\fire\Landsat 7_IRBatch250\images\0216.png,0.866345,0.240668,-0.411921,0.147808,normal_ref,normal_ref,subset_5
Landsat 7,218,D:\BaiduNetdiskDownload\fire\Landsat 7_VisibleBatch250\images\0218.png,D:\BaiduNetdiskDownload\fire\Landsat 7_IRBatch250\images\0218.png,0.866368,0.240674,-0.411875,0.147791,normal_ref,normal_ref,subset_5
Landsat 7,221,D:\BaiduNetdiskDownload\fire\Landsat 7_VisibleBatch250\images\0221.png,D:\BaiduNetdiskDownload\fire\Landsat 7_IRBatch250\images\0221.png,0.866317,0.24066,-0.411976,0.147827,normal_ref,normal_ref,subset_5
Landsat 7,223,D:\BaiduNetdiskDownload\fire\Landsat 7_VisibleBatch250\images\0223.png,D:\BaiduNetdiskDownload\fire\Landsat 7_IRBatch250\images\0223.png,0.866325,0.240662,-0.411961,0.147822,normal_ref,normal_ref,subset_5
Landsat 7,225,D:\BaiduNetdiskDownload\fire\Landsat 7_VisibleBatch250\images\0225.png,D:\BaiduNetdiskDownload\fire\Landsat 7_IRBatch250\images\0225.png,0.866341,0.240666,-0.411929,0.147811,normal_ref,normal_ref,subset_5
Landsat 7,226,D:\BaiduNetdiskDownload\fire\Landsat 7_VisibleBatch250\images\0226.png,D:\BaiduNetdiskDownload\fire\Landsat 7_IRBatch250\images\0226.png,0.86634,0.240666,-0.41193,0.147811,normal_ref,normal_ref,subset_5
Landsat 7,227,D:\BaiduNetdiskDownload\fire\Landsat 7_VisibleBatch250\images\0227.png,D:\BaiduNetdiskDownload\fire\Landsat 7_IRBatch250\images\0227.png,0.866329,0.240662,-0.411952,0.147819,normal_ref,normal_ref,subset_5
Landsat 7,228,D:\BaiduNetdiskDownload\fire\Landsat 7_VisibleBatch250\images\0228.png,D:\BaiduNetdiskDownload\fire\Landsat 7_IRBatch250\images\0228.png,0.866367,0.240673,-0.411877,0.147792,normal_ref,normal_ref,subset_5
Landsat 7,230,D:\BaiduNetdiskDownload\fire\Landsat 7_VisibleBatch250\images\0230.png,D:\BaiduNetdiskDownload\fire\Landsat 7_IRBatch250\images\0230.png,0.866369,0.240673,-0.411872,0.147791,normal_ref,normal_ref,subset_5
Landsat 7,233,D:\BaiduNetdiskDownload\fire\Landsat 7_VisibleBatch250\images\0233.png,D:\BaiduNetdiskDownload\fire\Landsat 7_IRBatch250\images\0233.png,0.86632,0.240659,-0.411971,0.147826,normal_ref,normal_ref,subset_5
Landsat 7,235,D:\BaiduNetdiskDownload\fire\Landsat 7_VisibleBatch250\images\0235.png,D:\BaiduNetdiskDownload\fire\Landsat 7_IRBatch250\images\0235.png,0.866336,0.240663,-0.41194,0.147815,normal_ref,normal_ref,subset_5
Landsat 7,238,D:\BaiduNetdiskDownload\fire\Landsat 7_VisibleBatch250\images\0238.png,D:\BaiduNetdiskDownload\fire\Landsat 7_IRBatch250\images\0238.png,0.866309,0.240656,-0.411994,0.147835,normal_ref,normal_ref,subset_5
Landsat 7,239,D:\BaiduNetdiskDownload\fire\Landsat 7_VisibleBatch250\images\0239.png,D:\BaiduNetdiskDownload\fire\Landsat 7_IRBatch250\images\0239.png,0.866297,0.240653,-0.412017,0.147843,normal_ref,normal_ref,subset_5
Landsat 7,240,D:\BaiduNetdiskDownload\fire\Landsat 7_VisibleBatch250\images\0240.png,D:\BaiduNetdiskDownload\fire\Landsat 7_IRBatch250\images\0240.png,0.866365,0.240672,-0.411881,0.147794,normal_ref,normal_ref,subset_5
Landsat 7,241,D:\BaiduNetdiskDownload\fire\Landsat 7_VisibleBatch250\images\0241.png,D:\BaiduNetdiskDownload\fire\Landsat 7_IRBatch250\images\0241.png,0.866648,0.240755,-0.411311,0.147587,normal_ref,normal_ref,subset_5
Landsat 7,242,D:\BaiduNetdiskDownload\fire\Landsat 7_VisibleBatch250\images\0242.png,D:\BaiduNetdiskDownload\fire\Landsat 7_IRBatch250\images\0242.png,0.867352,0.240963,-0.409887,0.14707,normal_ref,normal_ref,subset_5
Landsat 7,244,D:\BaiduNetdiskDownload\fire\Landsat 7_VisibleBatch250\images\0244.png,D:\BaiduNetdiskDownload\fire\Landsat 7_IRBatch250\images\0244.png,0.870584,0.241894,-0.403283,0.144684,normal_ref,normal_ref,subset_5
Landsat 7,245,D:\BaiduNetdiskDownload\fire\Landsat 7_VisibleBatch250\images\0245.png,D:\BaiduNetdiskDownload\fire\Landsat 7_IRBatch250\images\0245.png,0.872825,0.242533,-0.398627,0.143006,normal_ref,normal_ref,subset_5
Landsat 7,246,D:\BaiduNetdiskDownload\fire\Landsat 7_VisibleBatch250\images\0246.png,D:\BaiduNetdiskDownload\fire\Landsat 7_IRBatch250\images\0246.png,0.8756,0.243318,-0.392771,0.140899,normal_ref,normal_ref,subset_5
Landsat 7,247,D:\BaiduNetdiskDownload\fire\Landsat 7_VisibleBatch250\images\0247.png,D:\BaiduNetdiskDownload\fire\Landsat 7_IRBatch250\images\0247.png,0.878886,0.244242,-0.385699,0.138357,normal_ref,normal_ref,subset_5
Landsat 7,248,D:\BaiduNetdiskDownload\fire\Landsat 7_VisibleBatch250\images\0248.png,D:\BaiduNetdiskDownload\fire\Landsat 7_IRBatch250\images\0248.png,0.882533,0.245263,-0.377662,0.135471,normal_ref,normal_ref,subset_5
Landsat 7,249,D:\BaiduNetdiskDownload\fire\Landsat 7_VisibleBatch250\images\0249.png,D:\BaiduNetdiskDownload\fire\Landsat 7_IRBatch250\images\0249.png,0.886627,0.246406,-0.368395,0.132144,normal_ref,normal_ref,subset_5
